Id,Sentiment,text,prepro
A000044,Positive,kalo soal kemeja top dah erigo. 🤝,kemeja top dah erigo 🤝
A000114,Positive,"Bahannya adem ya, halus lagi XL ny besar bgtz semoga pas di pakai nantinya... trimakasih Erigo gx ngecewain...",bahan adem iya halus xl ny bgtz moga pas pakai trimakasih erigo gx ngecewain
A000202,Positive,"Bahannya enak banget, adem. Oversized dikit buat BB 83kg TB 172cm.",bahan enak banget adem oversized dikit bb 83kg tb 172cm
A000224,Positive,bahan adem dan nyaman ini keren sih,bahan adem nyaman keren sih
A000242,Positive,"Tinggi badan 165, berat badan 75, serasa memakai kemeja oversized, tapi karena bahannya jatuh jadi bagus2 aja. mungkin bakal coba yang ukuran M selanjutnya.",badan 165 berat badan 75 serasa pakai kemeja oversized bahan jatuh bagus2 aja coba ukur m
A000251,Positive,Ukurannya pas Tinggi badan 171,ukur pas badan 171
A000384,Positive,"Ukurannya pas, bahan nyaman, hanya saja sayangnya minus kantong :(",ukur pas bahan nyaman sayang minus kantong
A000468,Positive,"pas sesuai ukuran badan saya Tb: 174 cm, Bb: 83 kg. bahannya halus dan agak licik tapi mungkin emang modelnya begitu. top",pas sesuai ukur badan tb 174 cm bb 83 kg bahan halus licik emang model top
A000475,Positive,Ukurannya pas Berat badan 60 - 70 kg Tinggi badan 171 - 180 cm,ukur pas berat badan 60 70 kg badan 171 180 cm
AA000147,Positive,"Bagus banget, BB 65 masih longgar.",bagus banget bb 65 longgar
AA000358,Positive,Paket dah sampai terimakasih baju Bali Bagus,paket dah terimakasih baju bali bagus
AA000368,Positive,"Bagus bngt bajunya realpict,bahanya adem dan lembut..aku BB 60 ld 95 ambil UK dewasa pas dan nyaman dipakai msh longgar 
Pkonya suka bngt sama bajunya🫶🏻🥰",bagus bngt baju realpict bahanya adem lembut bb 60 ld 95 ambil uk dewasa pas nyaman pakai msh longgar pkonya suka bngt bajunya🫶🏻🥰
AD000181,Positive,Ukurannya pas Berat badan < 60 kg sesuai,ukur pas berat badan 60 kg sesuai
AE000023,Positive,"Kualitas produk: Bagus,sesuai ekspetasi mantapp",kualitas produk bagus sesuai ekspetasi mantapp
AG000046,Positive,Bagus cm ga terlalu kenceng jahitan nya,bagus cm kenceng jahit nya
AG000171,Positive,Bagusss adem kain nya tp warna pink nya di real life kyk kusam 😌,bagusss adem kain nya tp warna pink nya real life kyk kusam 😌
AG000193,Positive,"Sukaa bangettt... 10/10
Warna cantik bahan adem nyamab",sukaa bangettt 10 10 warna cantik bahan adem nyamab
AG000244,Positive,Bagus banget.. cuman rada mehong dikit yaa.. mau ambil warna lain putih maunya. Tapi sttock habis. Dan gak bisa preorder,bagus banget cuman rada pehong dikit yaa ambil warna putih sttock habis preorder
AN000095,Positive,Kualitas produk: Produk bagus ga usah ragu ya oder brng d toko ini,kualitas produk produk bagus ragu iya oder brng d toko
AO000102,Positive,ukurannya pas sm anakku yg BBnya 75 kg...bahannya adem...gbrnya bagus...hya sayang sablonannya cepat mengelupas jika menempel dgn yg lain,ukur pas sm anak bbnya 75 kg bahan adem gbrnya bagus hya sayang sablon cepat kelupas tempel dgn
AO000103,Positive,"MaanTuul....
Pesanan sudah sampai.....
Respon dan pengiriman cepat...
Makasih....",maantuul pesan respon kirim cepat makasih
AO000168,Positive,"Tipis bgt ternyata, ada tambahan lubang",tipis banget nyata lubang
AO000175,Positive,Tinggi badan 171 - 180 cm Berat badan > 80 kg Ukurannya pas,badan 171 180 cm berat badan 80 kg ukur pas
AP000003,Positive,"Suka bnget sama bajunyaa, kualitasnya bguss,sablon juga juga bguss,gak kecewa lahh pokoknyaaa🥰",suka bnget bajunyaa kualitas bguss sablon bguss kecewa lahh pokoknyaaa🥰
AP000014,Positive,Mayan lah saya lupa kasih ig nya sama namanya di belakangnya 🗿,mayan lupa kasih ig nya nama 🗿
AP000193,Positive,"Warna: sesuai 
Ukuran: sesuai banget 
Kualitas bordiran nya bagus banget, respon penjualnya juga cepat dan apa yang kita tanyakan semua dijawab dengan baik thank you 🙏🏽",warna sesuai ukur sesuai banget kualitas bordir nya bagus banget respon jual cepat thank you 🙏🏽
AP000196,Positive,allhamdulillah sesuai pesanan,allhamdulillah sesuai pesan
AQ000068,Positive,Baguss sesuai gambar,baguss sesuai gambar
AQ000093,Positive,cakep,cakep
AR000204,Positive,Kaosnya bagus halus bahannya adem aq suka mau cek out lagi,kaos bagus halus bahan adem aq suka cek out
AR000322,Positive,"Imut dan lucu kaosnya bahannya lembut adem,kayanya aku bakal CO lagi deh
Makasihhh....",imut lucu kaos bahan lembut adem kaya co deh makasihhh
AR000391,Positive,"Alhmdulilah akhirnya pktku SDH dtang,,trima ksih seler bner* puas dgn brgnya,,bgus sesuai warna dn ukuranya jg pas di bdnku,,,warna jg sesuai...semoga amnh terus ya😌",alhmdulilah pktku sdh dtang trima ksih selar bner puas dgn brgnya bgus sesuai warna dn ukuranya jg pas bdnku warna jg sesuai moga amnh ya😌
AU000101,Positive,Bagus banget,bagus banget
AU000103,Positive,"-Barang dipacking dengan sangat baik.
-Kecepatan pengiriman terbilang cepat.
-Kualitas produk terjamin bagus. 
-Respon penjual sangat baik.

 Overall Recommended Seller,...",barang dipacking cepat kirim bilang cepat kualitas produk jamin bagus respon jual overall recommended seller
AV000031,Positive,"Terima kasih, very neat shirt, I like the style",terima kasih very neat shirt i like the style
AX000042,Positive,"Baguuss, sesuai dgn foto, pengiriman cepat, bahan cukup bagus",baguuss sesuai dgn foto kirim cepat bahan bagus
AX000043,Positive,"Baguuss, sesuai dgn foto, pengiriman cepat, bahan cukup bagus",baguuss sesuai dgn foto kirim cepat bahan bagus
AX000102,Positive,"bagus
lumayan tebal di harga sgitu
tpi rupane agak blur",bagus lumayan tebal harga sgitu tpi rupane blur
AZ000011,Positive,"Bahan nya bagus adem dipakai motifnya cakep jahitan rapi harga murcee, pengiriman juga cepat makasih kak👍",bahan nya bagus adem pakai motif cakep jahit rapi harga murcee kirim cepat memakasih kak👍
AZ000014,Positive,"Kemejanya bagus banget, motif kotak-kotaknya keren, bahan adem dipakai, dan lengan pendeknya pas jadi nyaman buat sehari-hari makasih yaa",kemeja bagus banget motif kotak kotak keren bahan adem pakai lengan pendek pas nyaman sehari memakasih yaa
B000046,Positive,Nyaman dipakai dan bagus,nyaman pakai bagus
B000154,Positive,Sangat bagus untuk harian di rumah dan sebagai dalaman jaket,bagus rumah jaket
B000262,Positive,Sesuai pesanan,sesuai pesan
BB000316,Positive,Sesuai 100%,sesuai 100
BB000384,Positive,Bagus sekali senang berbelanja disini sesuai dan pas 2x sudah,bagus senang belanja sesuai pas 2x
BC000062,Positive,"bagus, gercep, kendala di ekspedisi aza karena alamat saya kurang lengkap",bagus gercep kendala ekspedisi aza alamat lengkap
BC000141,Positive,"Bagus kualitas nya oke tokoh nya jujur,,, cuman saya pesan xl agak kebesaran dikit",bagus kualitas nya oke tokoh nya jujur cuman pesan xl dikit
BC000173,Positive,bagus,bagus
BC000203,Positive,Bagus dan sesuai harga 👍🏻,bagus sesuai harga 👍🏻
BC000301,Positive,"BAGUSSS GILAAAAAAAA DILUAR EKSPEKTASI ENAKEUN PARAHHH, lope sekebon buat host Jeje💚💚💚",bagusss gilaaaaaaaa ekspektasi enakeun parahhh lope sekebon host jeje💚💚💚
BD000181,Positive,Barang bagus berat 63 ukuran M pas,barang bagus berat 63 ukur m pas
BD000389,Positive,"Keren. N murah. Mungkin harusnya XL. Kepala agak sesak masuknya. Tp mungkin juga mmg gitu n malah bagus. Nanti melar sendiri. Selain itu semua bagus, fit dibadan..
Kualit...",keren n murah xl kepala sesak masuk tp mmg gitu n bagus melar bagus fit dibadan alit
BD000427,Positive,"Bahannya enak, adem. Design keren, anak muda bgt.
Product quality: Excellent",bahan enak adem design keren anak muda banget product quality excellent
BF000144,Positive,"Alhamdulillah suamiku suka,, katanya nyaman ..",alhamdulillah suami suka nyaman
BF000387,Positive,Sesuai pesan. Thank you,sesuai pesan thank you
BG000068,Positive,"Baju oke sih
Kirain agak tebel..

Cuma agak tipis
Tp oke sih",baju oke sih tebal tipis tp oke sih
BG000181,Positive,"Barang sesuai pesanan, nyaman & keren dipakainya",barang sesuai pesan nyaman keren dipakainya
BG000442,Positive,Bagus sesuai pesanan maroon nya bagus 👍🏿👍🏿,bagus sesuai pesan maroon nya bagus 👍🏿👍🏿
BG000448,Positive,"Bahan halus dan bs melar
Good product",bahan halus bs melar good product
BH000023,Positive,Bagus sesuai,bagus sesuai
BH000068,Positive,Bagus. Lembutt sesuai hargaaaa lah 👍👍,bagus lembutt sesuai hargaaaa 👍👍
BH000241,Positive,Bagus,bagus
BH000327,Positive,Rekomendasi banget untuk kalian yg lg cari kemeja ini untuk acara,rekomendasi banget lg cari kemeja acara
BH000384,Positive,Bahan nya dingin,bahan nya dingin
BI000022,Positive,"kuwalitas ok lah, ukuran pas. cocok buat kerja kemeja ini",kuwalitas ok ukur pas cocok kerja kemeja
BI000082,Positive,"Barang dan Kualitas Barang sesuai pesanan, Seller Fast Respon, Pengiriman tepat waktu.",barang kualitas barang sesuai pesan ller fast respon kirim
BI000325,Positive,Cakep g nyesel si,cakep sesal si
BI000475,Positive,"Alhamdulilah bagus bahanya adem, makasih kak, kurirnya juga ramah makasih🙏🏻🖤",alhamdulilah bagus baha adem memakasih kak kurir ramah makasih🙏🏻🖤
BJ000341,Positive,lumayan harga segituma,lumayan harga segituma
BJ000384,Positive,"Keren banget, bahan halus, dan tebal.",keren banget bahan halus tebal
BK000025,Positive,"packing aman, barang datang sesuai, bahan bagus tebal, makasih toko, kurir, dan semuanya
Kualitas produk: mantaf",packing aman barang sesuai bahan bagus tebal memakasih toko kurir kualitas produk mantaf
BK000125,Positive,"UkuranL
Mantap barang sesuai gambar.",ukuranl mantap barang sesuai gambar
BK000467,Positive,Alhamdulillah barang SDH sampai.kondisi bagus bingit..sesuai..,alhamdulillah barang sdh kondisi bagus bingit sesuai
BL000227,Positive,"Mantap barang sesuai dengan foto reel no tipu"" Rekomendasi banget , seller baik ramah jangan pernah ragu untuk cek out dah pengiriman cepat, fast respon ...",mantap barang sesuai foto real no tipu rekomendasi banget ller ramah ragu cek out dah kirim cepat fast respon
BL000251,Positive,Menambah kegantengan sampai 75% 😁,ganteng 75 😁
BL000303,Positive,"Udah order kedua kali overalll mantabbb bahan nyaa nyamannn dipakai
Warna jugaaa mantappp
Kualitas produk: Mantab",udah order kali overalll mantabbb bahan nyaa nyamannn pakai warna jugaaa mantappp kualitas produk mantab
BL000317,Positive,"Warna nya bagus, bahanya tebel, modelnya unik recommend next order warna lain
Kualitas produk: Bagus",warna nya bagus baha tebal model unik recommend next order warna kualitas produk bagus
BL000374,Positive,Jaketnya bagus bgt,jaket bagus banget
BM000124,Positive,"Bahan ny lembut...nggk panas,cocok sama suami AQ....pokok ny the best.....",bahan ny lembut nggk panas cocok suami aq pokok ny the best
BM000215,Positive,"banhanya enak dipakai, sesuai gambar.
untuk sy sweatshirt ukuran xl ini sedikit ada kecil dibanding baju2 yg ukurannya sama yg dijual disini, untuk yg biasa pake xl, sara...",banhanya enak pakai sesuai gambar sy sweatshirt ukur xl banding baju2 ukur jual pake xl sara
BM000347,Positive,"Kerennn ,bahan halus dan tebal",kerennn bahan halus tebal
BN000349,Positive,Pembelian kesekian kalinya… jossss,beli sekian kalinya… jossss
BN000408,Positive,Mantap,mantap
BO000003,Positive,pesanan diterima dlm kondisi baik dan sesuai pesanan bahan tebal cocok untuk di tempat bersuhu dingin model keren dan bagus sekali.,pesan terima dlm kondisi sesuai pesan bahan tebal cocok suhu dingin model keren bagus
BO000214,Positive,Kualitas sesuai harga,kualitas sesuai harga
BP000124,Positive,"Bahan ny lembut...nggk panas,cocok sama suami AQ....pokok ny the best.....",bahan ny lembut gk panas cocok suami aq pokok ny the best
BP000215,Positive,"banhanya enak dipakai, sesuai gambar.
untuk sy sweatshirt ukuran xl ini sedikit ada kecil dibanding baju2 yg ukurannya sama yg dijual disini, untuk yg biasa pake xl, sara...",banha enak pakai sesuai gambar sy sweatshirt ukur xl banding baju2 ukur jual pake xl sara
BP000347,Positive,"Kerennn ,bahan halus dan tebal",rennn bahan halus tebal
BQ000207,Positive,"Sy beli warna putih dan hitam,keren semua.ukjran L pas di berat badan sya 51.",sy beli warna putih hitam keren ukjran l pas berat badan sya 51
BQ000208,Positive,"Ukuran pas,kain bagus,jgn ragu belanja di sini.
Asli keren",ukur pas kain bagus jgn ragu belanja asli keren
BR000023,Positive,"Kualitas produk: Bahannya dingin, pas dipake di bb 45
Note : pesen warna merah maroon, pas datang ko kyk warna Magenta",kualitas produk bahan dingin pas dipake bb 45 note pesan warna merah memaroon pas ko kyk warna magenta
BR000173,Positive,"Pas di aku bb 70 ld 110 aman keliatan langsing, kain adem nyaman sekali di pakenya mau order warna lain",pas bb 70 ld 110 aman liat langsing kain adem nyaman pakenya order warna
BR000253,Positive,"Bahannya bagus.
Pengiriman cepat.
Terimakasih.",bahan bagus kirim cepat terimakasih
BR000303,Positive,Bagus,bagus
BR000425,Positive,"bagus bangett suka😍, next beli lagi
bb ku 60 pake xl pas banget
Kualitas produk: lumayan tebel adem",bagus bangett suka😍 menext beli bb ku 60 pake xl pas banget kualitas produk lumayan tebal adem
BR000466,Positive,Bagussssssss,bagussssssss
BS000069,Positive,Alhamdulillah muat bajunya ka xixix walaupun nge pres di bb 65 tb nya 162 cakep sih bahannya tebel maaciw ka🫶🏻,alhamdulillah muat baju ka xixix nge pres bb 65 tb nya 162 cakep sih bahan tebal maaciw ka🫶🏻
BS000226,Positive,Beli dark grey dikirim maroon hdeh 😔,beli dark grey kirim memaroon hdeh 😔
BS000257,Positive,Bagusss bahanya adem gak terlalu tebal gak terlalu tipis juga sedang ajaa😁👍🏻👍🏻,bagusss baha adem tebal tipis ajaa😁👍🏻👍🏻
BT000341,Positive,Bagus q seneng banget,bagus q neng banget
BU000234,Positive,produk dari halo fashion ini pling the best si udh beli berkali” ttp sama bahanya selalu bagus adempol bhnya dingin ga pernah ngecewain thx u seller😍,produk halo fashion pling the best si udh beli berkali” ttp baha bagus adempol bhnya dingin cewa thx u seller😍
BV000288,Positive,"Kualitas kain bagus , seperti bahan suede gitu. Saya pilih warna putih dan tidak transparan,cukup tebal. Worth to bought. Ukuran L cukup pas untuk berat badan 55kg. Cocok...",kualitas kain bagus bahan suede gitu pilih warna putih transparan tebal worth to bought ukur l pas berat badan 55kg cocok
BW000085,Positive,Sangat sesuai banget,sesuai banget
BW000113,Positive,"Bagus sih ini bajunya serius, BB 55 TB 157 pas banget cm kesalahan ada di perut sedikit buncit wkwkwkw",bagus sih baju serius bb 55 tb 157 pas banget cm salah perut buncit wkwkwkw
BW000133,Positive,Masya allah pesanan yg ke 2x nya ini cepat banget sampe nya. Mksh swler ...jg abang kurir nya udH langganan . Sukses selalu,masya allah pesan 2x nya cepat banget sampe nya mksh swler jg abang kurir nya udh langgan sukses
BW000134,Positive,Bintang 5 pokonya. Beli yg ke 2x nya ini. Mantap pisan .,bintang 5 poko beli 2x nya mantap pisan
BW000145,Positive,"Biar bintang yg bisaca. Pokonya aq suka nanget. Mau oesan lg warna yg lain. 
Mksh dah seler jg kurir nya sukses selalu",biar bintang bisaca poko aq suka nanget oesan lg warna memksh dah selar jg kurir nya sukses
BY000023,Positive,Mksih Banyak produknya bgs bangat dan sy suka 😊🥰,mksih produk bgs bangat sy suka 😊🥰
BY000087,Positive,Bagus,bagus
BZ000048,Positive,"Alhamdulillah,bagus banget dressnya,bahan adem sukaa.. terimakasih seller",alhamdulillah bagus banget dressnya bahan adem sukaa terimakasih ller
CA000001,Positive,"Style Simple Casual. Kain lumayan cukup tebal tidak tipis, kualitas bahan bagus, dipegang lembut, adem tapi pas dikenakan agak gerah apa karna warna nya hitam yaa atau emang cuaca suhu nya lagi panas🤔😁 baru dicuci sekali warna nya agak menghilang sedikit kepekatannya😅 Jadi tidak terlalu pekat seperti awal pembelian. Lumayan untuk gunta ganti sehari hari😂 Pengiriman lumayan cepat👍🏻",style simple casual kain lumayan tebal tipis kualitas bahan bagus pegang lembut adem pas kena gerah karna warna nya hitam yaa emang cuaca suhu nya panas🤔😁 cuci warna nya hilang kepekatannya😅 pekat beli lumayan gunta ganti sehar hari😂 kirim lumayan cepat👍🏻
CA000002,Positive,"Kaos warna hitam dengan ukuran terbesar yang ada ditoko Aerostreet, bahan cukup nyaman dan pas dikenakan untuk sehari-hari dirumah ataupun kegiatan lingkungan.",kaos warna hitam ukur toko aerostreet bahan nyaman pas kena sehar rumah giat lingkung
CA000004,Positive,"Beliin untuk adekku si remaja nanggung😅 Bahannya bagus adem lembut, kain cukup tebal. Lumyan untuk ganti ganti keseharian🤩 Pengiriman dari reseller nya lamaa 3hari baru dikirim, karena seminggu mau lebaran😂🤣🤣",beli adek si remaja nanggung😅 bahan bagus adem lembut kain tebal lumy ganti ganti keseharian🤩 kirim reseller nya lamaa 3hari kirim minggu lebaran😂🤣🤣
CA000007,Positive,"Bagus barang nya,sesuai harga nya
Memang tranparans tapi bukan yg tipis banget bahan nya,lembut ga kaku juga kainnya.,",bagus barang nya sesuai harga nya tranparans tipis banget bahan nya lembut kaku kain
CA000009,Positive,"Kaos simpel warna biru gelap dengan bahan cukup nyaman untuk sehari-hari dirumah, sesuai harga. Dibungkus dengan rapi, hanya saja pengiriman cukup lama, lewat dari batas waktu pengiriman yang tercatat oleh aplikasi.",kaos simpel warna biru gelap bahan nyaman sehar rumah sesuai harga bungkus rapi kirim batas kirim catat aplikasi
CA000010,Positive,Barang sudah mendarat dengan aman dan sesuai pesanan,barang darat aman sesuai pesan
CA000011,Positive,Tingkatkan terus kualitas produk dengan harga yang terjangkau,tingkat kualitas produk harga jangkau
CA000017,Positive,Mocca dan Maroon; Kaos polos; lembut dan menyerap keringat,mocca memaroon kaos polos lembut serap keringat
CA000018,Positive,"Bahan nya adem, cuma jaitan lehernya tidak simetris",bahan nya adem jaitan leher simetris
CA000020,Positive,"Ini belanja untuk kesekian kali di aerostreet dan tidak mengecewakan, recommended seller",belanja sekian kali aerostreet kecewa recommended ller
CA000021,Positive,Toko amanah harga murah bahan adem jangan ragu beli disini gais,toko amanah harga murah bahan adem ragu beli gais
CA000022,Positive,Bagus desainnya cocok buat misuo semoga suami suka dan pas ya di suamiku dan semoga seller makin aamnah aamiin,bagus desain cocok misuo moga suami suka pas iya suami moga ller aamnah aamiin
CA000024,Positive,Pas ukuran sperti biasanya word it👍👍,pas ukur sperti word it👍👍
CA000026,Positive,"ini pesanan yg ke 3 dan mendarat dgan sukses, slalu suka produk aero street 👍",pesan 3 darat dgan sukses slalu suka produk aero street 👍
CA000029,Positive,Kualitas produknya bagus harga murah pas promo dan pengemasan aman.,kualitas produk bagus harga murah pas promo emas aman
CA000032,Positive,emang Bagus banget kaosnya bahannya jga adem dan halus 👍🏽,emang bagus banget kaos bahan jga adem halus 👍🏽
CA000037,Positive,"Untuk cotton 24s, aerostreet kainnya lumayan sih, 
Cukup nyaman digunakan, bahan juga adem .",cotton 24s aerostreet kain lumayan sih nyaman bahan adem
CA000039,Positive,"pertama kali beli, lumayan bagus bahannya sesuai. suka juga sama warnanya.
tb : 179 bb: 75 , makasih sell",kali beli lumayan bagus bahan sesuai suka warna tb 179 bb 75 memakasih sell
CA000041,Positive,"Tolong untuk tingkatkan QC nya karna dari kedua baju bahannya berbeda, yang 1 bahannya halus dan enak dipakai sedangkan yang 1 lagi bahannya agak kasar, dari plastik dan sablon dalamnya juga kelihatan bedanya. Dan saran saya untuk ekspedisi nya jangan di buat otomatis agar costumer bisa memilih ekspedisi yang di inginkan.",tolong tingkat qc nya karna baju bahan beda 1 bahan halus enak pakai 1 bahan kasar plastik sablon lihat beda saran ekspedisi nya otomatis costumer pilih ekspedisi
CA000042,Positive,"Barang sampai,sesuai pesanan terimakasih",barang sesuai pesan terimakasih
CA000043,Positive,"Pesanan sdh diterima dgn baik, harga kalau pas ada disc ya cukup worth it lah dgn bahannya dan kaos polosan. Moga2 ga cepet melar",pesan sdh terima dgn harga pas disc iya worth it dgn bahan kaos polos moga2 cepat melar
CA000044,Positive,"Pesanan sudah diterima, produk lumayan berkualitas, tapi sayangnya agak tipis, menggunakan ukuran kecil, jadi sebaiknya pilih lebih besar 1 ukuran dari standar pada umumnya.",pesan terima produk lumayan kualitas sayang tipis ukur pilih 1 ukur standar
CA000045,Positive,Hatur nuhun admin,hatur nuhun admin
CA000049,Positive,"Nyaman dipakai
Packing amann
Sesuai pesanan
Terima kasih.",nyaman pakai packing amann sesuai pesan terima kasih
CA000054,Positive,cerah dan menarik; menarik dan bagus.....; kain sangat nyaman dan dingin,cerah tarik tarik bagus kain nyaman dingin
CA000057,Positive,"bahan bagus , saran size nya harus lebih real lagi , kita pembeli online berpatok pada size . kalo bisa ukuran harus detail dan real tanpa toleransi"" .",bahan bagus saran size nya real beli online patok size ukur detail real toleransi
CA000063,Positive,"Warna sangat cearah dan nyaman dipakai, bahan lumayan tebal, desain oke sekali produk original",warna cearah nyaman pakai bahan lumayan tebal desain oke produk original
CA000075,Positive,Bahan kainnnya masih rada kaku. Warna abu tua nya udah pas. Cuttingan kaosnya reguler.,bahan kainnnya rada kaku warna abu tua nya udah pas cuttingan kaos reguler
CA000079,Positive,Barang sampai dengan selamat. Sesuai seperti di gambar dan video. Pas la sama harganya yg tidak sampai 50k. Terimakasih,barang selamat sesuai gambar video pas la harga 50k terimakasih
CA000082,Positive,bagus; wor it sih untuk harga segini mah; lumayan nyaman cuma ke gedean harus nya saya pesen L malah XL,bagus wor it sih harga segini mah lumayan nyaman gede nya pesan l xl
CA000084,Positive,Size sesuai pesanan pengiriman jga cepat..,size sesuai pesan kirim jga cepat
CA000086,Positive,warna menarik; potongan rapi; tidak menyebabkan gerah,warna tarik potong rapi gerah
CA000088,Positive,"ga tipis ga tebal untuk segini standar lembut tapi bukan yg paling lembut enak adem walaupun ga 100% nyerap keringat


update penilaian!!
brand segede aero ga ngasih stiker sayang di sayangkan",tipis tebal segin standar lembut lembut enak adem 100 serap keringat update nilai brand gede aero asih stiker sayang sayang
CA000089,Positive,navy nya agak gelap; oke; bagus,navy nya gelap oke bagus
CA000092,Positive,Bahan nya alus adem. Nyaman,bahan nya alus adem nyaman
CA000095,Positive,"Alhamdulillah akhirnya sampe, pengiriman lumayan cepet",alhamdulillah sampe kirim lumayan cepat
CA000107,Positive,Overall ok,overall ok
CA000117,Positive,Bahan adem tebal rekomendasi deh daper harga murah,bahan adem tebal rekomendasi deh daper harga murah
CA000120,Positive,hitam nya kurang pekat; bagus; nyaman,hitam nya pekat bagus nyaman
CA000125,Positive,Trims,trims
CA000138,Positive,hitam dan navy; rapi; belum di coba,hitam menavy rapi coba
CA000149,Positive,"pengirimannya cepat, packingnya bagus, bahannya bagus",kirim cepat packingnya bagus bahan bagus
CA000154,Positive,"warnanya sesuaii samaaa yang di gambarr aku kira bakal lebii terang, overall baguss bahannya juga tebal untuk harga segitu worth it",warna sesuai samaaa gambarr lebii terang overall baguss bahan tebal harga segitu worth it
CA000157,Positive,kainnya tipis dan agak panas; hitam,kain tipis panas hitam
CA000191,Positive,"Lom dicoba... Cuma gak tau ya bakalan melar kayak nya klo setelah dicuci mudah mudahan aja kagak ya... 
Semoga awet...",lom coba tau iya melar kayak nya cuci mudah mudah aja kagak iya moga awet
CA000204,Positive,Alhamdulillah dpt harga 32rb🥰,alhamdulillah dpt harga 32rb🥰
CA000227,Positive,hitam; ori nyaman; polos,hitam ori nyaman polos
CA000229,Positive,Sesuai; Bagus; Adem gak Panas,sesuai bagus adem panas
CA000253,Positive,Lumayan dapat harga 30K,lumayan harga 30k
CA000259,Positive,Bagus sesuai pesanan,bagus sesuai pesan
CA000272,Positive,"Tulisan 24s
Tapi rasanya lebih tipis kayak 30s",tulis 24s tipis kayak 30s
CA000273,Positive,Mayan puas dengan barangnya okeee,memay puas barang okeee
CA000282,Positive,Setelah sekian lama akhirnya paketan mendarat dengan sempurna semoga awet dan tidak rusak makasih banyak buat penjual kurir dan shopee,sete sekian paket darat sempurna moga awet rusak memakasih jual kurir shopee
CA000301,Positive,Bagus,bagus
CA000335,Positive,"Bagus, cumq agak nerawang gitu ga sih kalau aku liat. But yoweslah",bagus cumq terawang gitu sih liat but yoweslah
CA000337,Positive,gelap; ok; ok,gelap ok ok
CA000531,Positive,sesuai pesanan; mantap; 100% nyaman,sesuai pesan mantap 100 nyaman
CA000532,Positive,"Allhamdulilah pekt ny udh smpe,udh berlangganan lama ,tapi kok kaus putih ny dasar ny tipis ya skarag ngk kayak biasa ny ,biasa baju ny tebal-tebal bahan ny🤔?",allhamdulilah pekt ny udh smpe udh langgan kaus putih ny dasar ny tipis iya skarag ngk kayak ny baju ny tebal tebal bahan ny🤔
CA000534,Positive,"Terima kasih,  barang sesuai pesanan,, semoga bermanfaat..",terima kasih barang sesuai pesan moga manfaat
CA000540,Positive,warna bagus; polos sja; nyaman bahan adem,warna bagus polos sja nyaman bahan adem
CA000542,Positive,"Paket sudah diterima, pesanan sesuai, bajunya nyaman dan adem, dpt harga promo, terima kasih",paket terima pesan sesuai baju nyaman adem dpt harga promo terima kasih
CA000549,Positive,"Kaosnya nyaman ketika dipakai adem menyerap keringat juga cocok digunakan untuk sehari hari, cuman agak sedikit kependekan saja overall uda oke thanks",kaos nyaman pakai adem serap keringat cocok sehar cuman kependekan overall uda oke thanks
CA000556,Positive,"Ntar saya kasih update penilaian nya.
Pengiriman agak lama, 4 hari baru sampai.",ntar kasih update nilai nya kirim 4
CA000563,Positive,"Paket sampe dengan sesuai kaos nya juga pas bagus top cuman bahan nya aga gerah, tapi lumayan kalo buat harga se gini",paket sampe sesuai kaos nya pas bagus top cuman bahan nya aga gerah lumayan harga
CA000573,Positive,Bahan nya bagus untuk harga segini tuh worth it lahh.. jahitan nya rapi.. warna nya sesuai dengan pesanan,bahan nya bagus harga segin worth it lahh jahit nya rapi warna nya sesuai pesan
CA000576,Positive,"Ukuran XXL longgar sesuai keinginan
Daya serap keringat cukup baik",ukur xxl longgar sesuai daya serap keringat
CA000581,Positive,Pertama kali beki disini. Moga pas dengan badan ku.. Mantap seller,kali beki moga pas badan ku mantap ller
CA000583,Positive,"Baju oke, yang butuh baju hitam polos, boleh jadi rekomendasi 👍",baju oke butuh baju hitam polos rekomendasi 👍
CA000585,Positive,Sangat Menarik dan cocok; Nyaman di pakai; keren dan saya suka,tarik cocok nyaman pakai keren suka
CA000589,Positive,Bahannya adem di pake,bahan adem pake
CA000591,Positive,Bagus pokoknya bajunya enak di pakai,bagus pokok baju enak pakai
CA000595,Positive,Jahitan agak kurang rapih di bagian kirinya,jahit rapih kiri
CA000598,Positive,"sesuai dengan yang di poto, mantap kali. lokal tak gentar",sesuai poto mantap kali lokal gentar
CA000608,Positive,"Salah Warna.
Pesan warna Maroon, yang datang warna Hitam",salah warna pesan warna memaroon warna hitam
CA000619,Positive,bagus; sangat bagus,bagus bagus
CA000625,Positive,"Akhirnya tiba juga setelah luama menunggu.
Utk harga segitu, lumayan lah utk dipakai hari².
Ukurannya sdh pas cuman kyaknya klo ambil uk. L lebih lega
thanks seller",sete luama tunggu harga gitu lumayan pakai hari² ukur sdh pas cuman kyaknya ambil uk l lega thanks ller
CA000627,Positive,"Tinggi saya 174cm dan BB 71kg, baju ukuran pas karna saya suka pakaian yang fit body yahhh
Bajunya nyaman banget dipakai, terima kasihhh",174cm bb 71kg baju ukur pas karna suka pakai fit body yahhh baju nyaman banget pakai terima kasihhh
CA000628,Positive,"Bagus banget, bahan tebal tapi tidak gerah, ukuran sesuai pesanan, pas di badan, kualitas bahan bagus, adem, halus, tidak luntur, kualitas sangat oke , terimakasih seller, rekomended banget, pengiriman standar..",bagus banget bahan tebal gerah ukur sesuai pesan pas badan kualitas bahan bagus adem halus luntur kualitas oke terimakasih ller rekomended banget kirim standar
CA000629,Positive,"Kecepatan pengiriman standar, pengemasan produk juga standar tapi kualitas barang emang bangus banget buat harga segitu ya worth it, selalu puas sama pesanannya bahan adem tapi ga tipis jadi nyaman buat di pake seharian beraktivitas",cepat kirim standar emas produk standar kualitas barang emang bangus banget harga gitu iya worth it puas pesan bahan adem tipis nyaman pake aktivitas
CA000632,Positive,Bagus sekali kualiatas bahan adem dan ukuran sesuai dengan deskripsi produk.. Ada harga ada rupa dan rekomendasi utk semua produk aerostreet.. Murah tp kualitas bagus,bagus kualiatas bahan adem ukur sesuai deskripsi produk harga rupa rekomendasi produk aerostreet murah tp kualitas bagus
CA000635,Positive,"Alhamdulillah paket sudah sampai, datang sesuai pesanan, warna hitamnya benar-benar hitam, bahannya tebal, bagus, nyaman dipakai, packing rapih, terima kasih seller & shopee🙏😊",alhamdulillah paket sesuai pesan warna hitam hitam bahan tebal bagus nyaman pakai packing rapih terima kasih ller shopee🙏😊
CA000638,Positive,Sama seperti produk Aerostreet lainnya. Model anak muda banget & bahan nyaman dipakai dengan harga yang affordable. Apalagi kalo pas LIVE tanggal cantik.,produk aerostreet model anak muda banget bahan nyaman pakai harga affordable pas live tanggal cantik
CA000639,Positive,"Alhamdulillah udh sampe orderanku
Pas di anakku kls 3 SMP
Bahan adem n menyerap keringat
Murce apalagi ada voucher diskon 50%",alhamdulillah udh sampe order pas anak kls 3 smp bahan adem n serap keringat murce voucher diskon 50
CA000642,Positive,"Terimakasih seller untuk pertama kalinya beli disini, keren banget. Pengirim ramah cepat dan akurat. Sampai tujuan tanpa ada yang cacat.",terimakasih ller kali beli keren banget kirim ramah cepat akurat tuju cacat
CA000644,Positive,"Alhamdulillah barang cepat sampai. Harganya 60k-an dan oke bingiits. Cotton cukup tebal dan kokoh tpi adem dan nyerap keringat. Jadi nyaman banget dipake. Beli yg polosan krna paksu lbh suka yg tanpa design"". Thanks seller..",alhamdulillah barang cepat harga 60k an oke bingiits cotton tebal kokoh tpi adem serap keringat nyaman banget pake beli polos krna paksu lbh suka design thanks ller
CA000647,Positive,"Pembelian yang kesekian kalinya kaos polos aerotreet, murah meriah tapi kualitas bagus. Tidak tipis dan menerawang",beli sekian kali kaos polos aerotreet murah meriah kualitas bagus tipis terawang
CA000650,Positive,Pengepakan produk bagus serta pengiriman cepat. Makasih seller,pengepakan produk bagus kirim cepat memakasih ller
CA000651,Positive,"Selalu puas & bangga pakai Aerostreet.
Bagus, kualitas terbaik dengan harga ciamik.
Terimakasih seller 👍",puas bangga pakai aerostreet bagus kualitas harga ciamik terimakasih ller 👍
CA000652,Positive,"mantap banget, barang yang datang sesuai dengan barang yg dipesan. thank seller",mantap banget barang sesuai barang dipesan thank ller
CA000654,Positive,"Mantappp polll
Selalu dapat promo kalau CO 
Suami seneng banget kalau beli kaos aero karena nyaman dipakai n adem kalau buat kerja
Sudah punya 10 baju aerostreet di lemari
Terimakasih sudah menjual produk lokal yang luar biasa bagusnya....
Berkah selalu dan laris manis selalu...",memantappp polll promo co suami neng banget beli kaos aero nyaman pakai n adem kerja 10 baju aerostreet lemari terimakasih jual produk lokal bagus berkah laris manis
CA000657,Positive,"Pesanan sesuai, pengemasan aman. Pengiriman melebihi estimasi sehingga bisa klaim voucher potongan 10k dari shopee. Bahan halus, tebal, bagus sih. Dapet harga 29ribuan aja pak voucher dari toko dan shopee. Nunggu yang maroon, kemarin pesen dapet harga 30ribuan juga",pesan sesuai emas aman kirim estimasi klaim voucher potong 10k shopee bahan halus tebal bagus sih harga 29ribuan aja voucher toko shopee tunggu memaroon kemarin pesan harga 30ribuan
CA000661,Positive,"Lagi seneng pake kaos dari brand aerostreet..
Murah tapi gak murahan..
Bahan oke.. nyaman enak di pake nya",neng pake kaos brand aerostreet murah murah bahan oke nyaman enak pake nya
CA000662,Positive,"Pesanan sudah sampai.
Seller fast respond.
Kurir ramah.
Kualitas bagus.
Kuantitas pas.
Harga bersaing.
Overall good.",pesan ller fast respond kurir ramah kualitas bagus kuantitas pas harga saing overall good
CA000664,Positive,"Terimakasih produk sudah diterima dengan baik, pengiriman cepat, packing aman, diterima sesuai dengan pesanan. Sudah dicoba pakai ukuran sangat pas dengan badan saya.",terimakasih produk terima kirim cepat packing aman terima sesuai pesan coba pakai ukur pas badan
CA000667,Positive,"Produk telah di trima dgn baik,produk sesuai dgn pesanan,pembelian ke 2 di toko ini,pernah beli ternyata bahannya enak nyaman di pakai jd beli lg deh,over sizenya sesuai harapan,krn kulit sensitif gmpg merah2 klo kena kringat jd ga bs pakai bj yg stretch2 krn bakal memperparah jd gatel2,next mau beli warna lain lg",produk trima dgn produk sesuai dgn pesan beli 2 toko beli nyata bahan enak nyaman pakai jd beli lg deh over sizenya sesuai harap krn kulit sensitif gmpg merah2 kena kringat jd bs pakai bj stretch2 krn parah jd gatel2 menext beli warna lg
CA000668,Positive,Barang sampai dengan selamat. Bahan tebal karena combed 24s. Warna oke dan bahan tidak nerawang. Bakal repet order warna lain nih,barang selamat bahan tebal combed 24s warna oke bahan terawang repet order warna
CA000669,Positive,"Ukuran pas untuk suami yg punya TB 180cm / 90 kg. Bahannya adem enak dipake, gak bikin gatel. Trims seller dan shoppee ❤️❤️",ukur pas suami tb 180cm 90 kg bahan adem enak pake bikin gatal trims ller shoppee ❤️❤️
CA000670,Positive,Pas untuk BB 60 tinggi 167,pas bb 60 167
CA000673,Positive,Pengiriman okeh.. produk sesuai deskripsi dan pesanan.. exp date aman... Harga okeh rekomend belanja disini... Selalu utamakan kepuasan konsumen yess...👌🏼😊,kirim okeh produk sesuai deskripsi pesan exp date aman harga okeh rekomend belanja utama puas konsumen yess 👌🏼😊
CA000674,Positive,"Sudah tidak diragukan lagi produk aerostreet. Maaf GBR tidak sesuai warna nya, sudah berlangganan. Semua anak emak bapak kalau butuh kaos, ya aerostreet. Bahan kaos tebal tapi adem tidak panas. Kualitas sangat baik.
Terus tingkatkan lagi kualitas 👍",ragu produk aerostreet maaf gbr sesuai warna nya langgan anak emak butuh kaos iya aerostreet bahan kaos tebal adem panas kualitas tingkat kualitas 👍
CA000675,Positive,"Sudah berkali"" beli produk ini emang sebagus itu sii produk lokal namun bersaing dngn produk luar recommended banget pokoknya mantul bgt yaa..next in syaa Allah order lagi..he..he..udah langganan nih..semoga sukses lagi produk lokal bisa mendunia aamiin",kali beli produk emang bagus sii produk lokal saing dngn produk recommended banget pokok pantul banget yaa menext in syaa allah order he he udah langgan moga sukses produk lokal dunia aami
CA000679,Positive,"Pesanan sudah sampai dg selamat, tdk ada kurang dan tdk ada rusak. Terima kasih",pesan dg selamat rusak terima kasih
CA000680,Positive,"Kainnya tebel nggak tipis, terus juga halus, nggak bikin gerah, adem. Pokoknya kalian jgn ragu beli kaos ini soalnya bagus banget😍
Next beli lagi ah🥰",kain tebal tipis halus bikin gerah adem pokok jgn ragu beli kaos bagus banget😍 menext beli ah🥰
CA000681,Positive,"Pembelian ke sekian. Jadi punya standarnya, dan ini cocok banget utk dipakai di iklim tropis kita ini.",beli sekian standar cocok banget pakai iklim tropis
CA000684,Positive,"Pesanannya udah sampai. Bagus banget bajunya. kainnya lumayan tebel, halus dan adem juga. Harganya murah tapi kualitas bagus. Meskipun aku pesan warna abu2 tapi adminnya konfirmasi dlu klo kosong jadi dikirim warna hitam. Seller ramah juga. Sip pokoknya. Terimakasih kak",pesan udah bagus banget baju kain lumayan tebal halus adem harga murah kualitas bagus pesan warna abu2 adminnya konfirmasi dlu kosong kirim warna hitam ller ramah sip pokok terimakasih kak
CA000685,Positive,Ini yang kedua kali beli kaos di sini. Kualitasnya bahannya gak kaleng². Besok beli lagi,kali beli kaos kualitas bahan kaleng² besok beli
CA000686,Positive,"Kaosnya bagus banget udah beberapa kali cekout di toko ini ga pernah mengecewakan,, sengaja beli yang XXL biar agak longgar,, suamiku suka,, bahan nya bagus adem warnanya bagus,, dapat harga murah pas lagi live.",kaos bagus banget udah kali cekout toko kecewa sengaja beli xxl biar longgar suami suka bahan nya bagus adem warna bagus harga murah pas live
CA000688,Positive,ga pernah gagal beli produk dr aerostreet #LokalTakGentar,gagal beli produk dr aerostreet
CA000690,Positive,"untuk tinggi 175 BB 61
sz L pas banget, nyaman juga dipakai",175 bb 61 sz l pas banget nyaman pakai
CA000693,Positive,Jaitan rapih bahan oke sesuai harga👍,jait rapih bahan oke sesuai harga👍
CA000696,Positive,"barang nya baru sampai bener""puas sama baju nya dan toko nya, ini bener barang nya bagus udah kesekian kali nya beli di toko ini gx pernah kecewa next mau order lagi cari warna laen yg blum punya makasih buat shoope dan Aerostreet berkualitas barang nya dpt harga murah lagi secinta ini dengan produk nya
❤️❤️",barang nya puas baju nya toko nya barang nya bagus udah sekian kali nya beli toko gx kecewa menext order cari warna laen blum memakasih shoope aerostreet kualitas barang nya dpt harga murah cinta produk nya ❤️❤️
CA000699,Positive,"Yang biru bagus
Yg hitam wrnya agak pudar apa krn memang jenis wrnya spt itu ya
Bahan adem
Lembut
Nyaman
Bagus banget aeromah apalagi yg navy",biru bagus hitam wrnya pudar krn jenis wrnya spt iya bahan adem lembut nyaman bagus banget aeromah menavy
CA000700,Positive,bagus bgt baju aerostreet sihh bahanya mantap banget dahh di pakai sehari² mantep bgt sihh menurut akuu  lope lope deh aerostreet 👍🫶,bagus banget baju aerostreet sihh baha mantap banget dahh pakai sehari² mantap banget sihh akuu lope lope deh aerostreet 👍🫶
CA000702,Positive,"Mantap banget

Kualitas terbaik

Brand Lokal kualitas Internasional

Pengemasan rapi dan aman

Pengiriman cepat

Seller responsif

Bakal jd langganan

Next bakal order lagi

Biarkan bintang berbicara

Terimakasih",mantap banget kualitas brand lokal kualitas internasional emas rapi aman kirim cepat ller responsif jd langgan menext order biar bintang bicara terimakasih
CA000704,Positive,"Bahan ga terlalu tebal, ga tipis. Cukup adem, jahitan rapi",bahan tebal tipis adem jahit rapi
CA000705,Positive,Nyaman dipakai dan warnanya juga bagus,nyaman pakai warna bagus
CA000708,Positive,"Udah kesekian kalinya order kaos ni, nyaman dipakai, harga murah, makasih",udah sekian kali order kaos nyaman pakai harga murah memakasih
CA000710,Positive,"Pas sekali dibadan bajunya. Walaupun sesuai ukuran Harusnya S, tapi takut kalo kekecilan. Ambillah ukuran M. Dan ya pas bagus. Beli saat harga promo jelang Lebaran",pas dibad baju sesuai ukur s takut ambil ukur m iya pas bagus beli harga promo jelang lebaran
CA000711,Positive,Untuk bahnnya bagus tebal and nyaman dipakai,bahnnya bagus tebal and nyaman pakai
CA000712,Positive,"Alhamdulillah udh sampe orderanku
Krn wrn royal bluenya ga ada jd di ganti hitam sesuai request
Pokonya sangat amanah,ramah,harga murah
Toko recommended banget",alhamdulillah udh sampe order krn wrn royal bluenya jd ganti hitam sesuai request poko amanah ramah harga murah toko recommended banget
CA000713,Positive,"terima kasih aerostreet, kaosnya adem enak dipakai!?? sipp jahitan leher juga rapi,, maaf bila ada salah",terima kasih aerostreet kaos adem enak pakai sipp jahit leher rapi maaf salah
CA000714,Positive,"Keren bagus adem mantap nyaman.
Next order lagi pas flash sale, murah banget tapi kualitasnya ciamik. Thanks shopee and seller bintang 5.",keren bagus adem mantap nyaman menext order pas flash sale murah banget kualitas ciamik thanks shopee and ller bintang 5
CA000716,Positive,"Pengiriman cepat dan barang sesuai dengan gambar,barang ori dan nyaman bgt dipakai dan ukuran kaos pun sangat pas dipakai",kirim cepat barang sesuai gambar barang ori nyaman banget pakai ukur kaos pas pakai
CA000717,Positive,"Pengiriman cpt....pas utk anak saya pake L , tb 167cm n bb 56kg 👍👍",kirim cpt pas anak pake l tb 167cm n bb 56kg 👍👍
CA000719,Positive,"Bagus banget bajunya, adek aku suka sama bajunya, gak nyangka dengan harga segitu udah bagus banget bajunya, pokok nya bagus banget, pengiriman juga cepat, kurir ramah",bagus banget baju adek suka baju sangka harga gitu udah bagus banget baju pokok nya bagus banget kirim cepat kurir ramah
CA000723,Positive,"Paket yg ditungu2 mndarat dg slamat stelah spatu,tdk kurang suatu apa pun, kaos nya sesuai expektasi..keren udah dicoba gak tipis juga gak terlalu tebal,nyaman pokok ny dipake,emng produk lokasi 1 ini kualitas boleh diadu lah..tks shope,tks seller amanah trus dan jaga kualitas nya.",paket ditungu2 mndarat dg slamat stelah spatu kaos nya sesuai expektasi keren udah coba tipis tebal nyaman pokok ny pake emng produk lokasi 1 kualitas diadu tks shope tks ller amanah trus jaga kualitas nya
CA000724,Positive,"Produk Aerostreet emang juara, Entah udh CO berapa kali tak terhitung saking percaya sama ni produk.",produk aerostreet emang juara udh co kali hitung saking percaya produk
CA000725,Positive,"Warna abu tua habis, jadi dichat admin untuk ganti warna. Untung dikonfirmasi sama admin jadi tidak dikirim warna random. Terima kasih mimin.",warna abu tua habis dichat adm ganti warna untung konfirmasi adm kirim warna random terima kasih mim
CA000726,Positive,Alhamdulillah datang barangnya real pict suka banget anak aku..next order warna lainnya,alhamdulillah barang real pict suka banget anak menext order warna
CA000727,Positive,Barang sudah sampai... Pengiriman lumayan cepat... Barang sesuai deskripsi... Terima kasih... Mantap kaosnya,barang kirim lumayan cepat barang sesuai deskripsi terima kasih mantap kaos
CA000728,Positive,belanja di aero gak pernah kecewa. pasti cocok dari segi bahan dan cuttingan. semoga tmbah sukses.,belanja aero kecewa cocok segi bahan cutting moga tmbah sukses
CA000733,Positive,Pembelian kesekian kalinya. Tidak diragukan lagi. LOKAL TAK GENTAR  🔥🔥🔥,beli sekian kali ragu lokal gentar 🔥🔥🔥
CA000737,Positive,"Bagus , bahannya juga enak , warnanya juga ok banget , bakal beli terus kyaknya 👍",bagus bahan enak warna ok banget beli kyak 👍
CA000738,Positive,Sudah pembelian ke 4x . Suka dg bahan aero. Msekipun cotton combed 24s tp ga tipis. Trus kl hbs di cuci ga mbleot2. Tq seller,beli 4x suka dg bahan aero msekipun cotton combed 24s tp tipis trus kl hbs cuci mbleot2 tq ller
CA000742,Positive,"Bahannya bagus lembut, tebal dan tidak panas. Sangat recommended, tidak mengecewakan, next mau order lagi..",bahan bagus lembut tebal panas recommended kecewa menext order
CA000743,Positive,"Lumayan sesuai harapan,cma agak lama di pick up  pengiriman,",lumayan sesuai harap cma pick up kirim
CA000746,Positive,Alhamdulillah sudah mendarat di rumah dengan selamat. Bahan okee dan harga terjangkau. semoga sukses terus Aerostreet 🔥,alhamdulillah darat rumah selamat bahan okee harga jangkau moga sukses aerostreet 🔥
CA000748,Positive,"Bahan halus lembut dan harganya ramah dikantong,dipakai sehari² cocok bgt,next beli lg😊",bahan halus lembut harga ramah kantong pakai hari² cocok banget menext beli lg😊
CA000750,Positive,"Sangat nyaman dipakainya, murah tapi gak murahan. Bakalan beli lagi sih",nyaman paka murah murah beli sih
CA000751,Positive,"Pesanan sesuai, pengemasan aman. Pengiriman cepat. Bahan lembut dan nyaman digunakan. Udah jadi kaos ketiga dari aerostreet, gak usah ragu. Dapat diharga 23ribuan aja. Di tb 156 bb 40 ukuran M pas gak kebesaran.",pesan sesuai emas aman kirim cepat bahan lembut nyaman udah kaos aerostreet ragu harga 23ribuan aja tb 156 bb 40 ukur m pas
CA000752,Positive,"Size XL pas utk berat badan 68kg
Ternyata bahan nyaman 
Harga super kompetitif 
Mau beli lagi ah",size xl pas berat badan 68kg nyata bahan nyaman harga super kompetitif beli ah
CA000756,Positive,"Mungkin ini pembelian kaos yang ke -20 kali,...harga murah, kualitas terbaik, bahan adem dan nyaman dipakai, menyerah keringat...wis pokok e kalo yang mau beli kaos di AEROSTREET aja, kualitas tidak diragukan lagi, terbaik se Indonesia...semoga toko nya tambah laris manis,.Amiiinnnnn...mantab 👍👍👍👍👍👍👍👍👍",beli kaos 20 kali harga murah kualitas bahan adem nyaman pakai serah keringat wis pokok e beli kaos aerostreet aja kualitas ragu indonesia moga toko nya laris manis amiiinnnnn memantab 👍👍👍👍👍👍👍👍👍
CA000758,Positive,"Baguss & enak bahan nyaaa, langsung beli 2,semoga awet, Terima kasihh✨✨",baguss enak bahan nyaaa langsung beli 2 moga awet terima kasihh✨✨
CA000761,Positive,"Baguss & enak bahan nyaaa, langsung beli 2,semoga awet, Terima kasihh✨✨",baguss enak bahan saaa langsung beli 2 moga awet terima kasihh✨✨
CA000767,Positive,"Kaosnya bagus, ukuran standar, tp warna abu tuanya lebih hitam atau emg salah kirim warna ya  haha, tp gpp msh bagus jg dgn kualitas yg pas top",kaos bagus ukur standar tp warna abu tua hitam emg salah kirim warna iya haha tp gpp msh bagus jg dgn kualitas pas top
CA000769,Positive,"Pas banget di badan anak aku yg tb 162,bb 80 suamikuminta diorderin juga katanya bahannya bagus dgn harga segitu👍",pas banget badan anak tb 162 bb 80 suamikuminta order bahan bagus dgn harga segitu👍
CA000770,Positive,"Terima kasih barang sudah sampai
Kondisi baik
Packing rapih
Pengiriman cepat
Barang sesuai gambar
Gak bs kirim foto dgn orgnya krn udh disetrika",terima kasih barang kondisi packing rapih kirim cepat barang sesuai gambar bs kirim foto dgn orgnya krn udh setrika
CA000771,Positive,jgn lupa order guys,jgn lupa order guys
CA000773,Positive,"Ga ekspektasi barangnya sebagus ini. 
Produk nya bagus, bahan adem. 
Kualitas produk best. Suka warna hitam
Nyaman dipakenya ga bikin gerah. 
Terima kasih seller, kualitas ga kaleng-kaleng. 
Kurirnya juga ramah pengiriman cepet.",ekspektas barang bagus produk nya bagus bahan adem kualitas produk best suka warna hitam nyaman dipakenya bikin gerah terima kasih ller kualitas kaleng kaleng kurir ramah kirim cepat
CA000776,Positive,"Joss gandos pas awal lihat kukira kebesaran tpi pas dipake malah pas bgt, bahan adem dan tebal mantap dah pokoknya... Bb51 Tb166 ukuran L",joss gandos pas lihat tpi pas pake pas banget bahan adem tebal mantap dah pokok bb51 tb166 ukur l
CA000777,Positive,"Tshirt nya bagus nyaman dipakai, recomend next order lagi ditoko ini, mkasih reseller 😍",tshirt nya bagus nyaman pakai recomend menext order toko mkasih reseller 😍
CA000778,Positive,"Cocok banget di pake suami, sukaaa
Ukuran juga pas👍👍👍 next order lagi yg beda warna",cocok banget pake suami sukaaa ukur pas👍👍👍 menext order beda warna
CA000779,Positive,"Ukuran xs untuk aku yang BB 45 TB 160 pas banget kainnya adem nyaman, suka bngt",ukur xs bb 45 tb 160 pas banget kain adem nyaman suka bngt
CA000782,Positive,nekat nevi pekat; elegan ala2 CEO startup company; mantap halus menyerap keringat,nekat nevi pekat elegan ala2 ceo startup company mantap halus serap keringat
CA000784,Positive,"entah udah kesekian kalinya , mulai celana sepatu, kaos jaket semua aerostreet , pokok yg promo"" sikat , soalnya harga nya murah , kualitas terbaik, tidak pernah tidak puas , malah ini cuma sehari sampai keren banget , padahal cuma pake spx hemat terimakasih banyak",udah sekian kali celana sepatu kaos jaket aerostreet pokok promo sikat harga nya murah kualitas puas sehar keren banget pake spx hemat terimakasih
CA000786,Positive,Udah pernah beli 1 warna hitam juga trus ketagihan. Makanya beli lagi mumpung ada promo..,udah beli 1 warna hitam trus tagih beli mumpung promo
CA000788,Positive,"bahan tebal, belum dipake seharian, strechy, halus, semoga aja bahannya ga bikin gerah dan ga bikin bau badan saat keringetan",bahan tebal pake strechy halus moga aja bahan bikin gerah bikin bau badan keringetan
CA000789,Positive,Langganan beli disini suka beli kaos polos yg reguler karena bahannya tebal juga hargannya sering diskon terima kasih cuma menurut saya warna maroon nya guelap bgt hampir keliatan coklat tp kl d kamera malah keliatan terang merahnya wkwkwk,langgan beli suka beli kaos polos reguler bahan tebal hargannya diskon terima kasih warna memaroon nya guelap banget liat coklat tp kl d kamera liat terang merah wkwkwk
CA000790,Positive,"Kaosnya bagus
Bahannya tebal dan nyaman dipakai",kaos bagus bahan tebal nyaman pakai
CA000797,Positive,"Seller fast reaponse, pengiriman cepat dan free ongkir, harga murah tapi tidak murahan.",ller fast reaponse kirim cepat free ongkir harga murah murah
CA000799,Positive,ayo banyakin warna lain yang diskon lumayan 50 ribu dapet 2 kaos buat genti genti.. bahannya tebal semoga awet ga gampang luntur ya,ayo warna diskon lumayan 50 ribu 2 kaos genti genti bahan tebal moga awet gampang luntur iya
CA000801,Positive,"Produk bagus dan baik, produk sesuai dengan deskripsi, pengiriman cepat dan packing, trimakasih min.",produk bagus produk sesuai deskripsi kirim cepat packing trimakasih min
CA000804,Positive,"Makasih kak paketnya sudah sampai dan diterima dengan baik, barang aman dan bagus sesuai deskripsi,dapat harga promo makasih shopee, seller,& ekspedisi juga cepat,sukses dan lancar selalu yaa",memakasih kak paket terima barang aman bagus sesuai deskripsi harga promo memakasih shopee ller ekspedisi cepat sukses lancar yaa
CA000811,Positive,Bagus dan nyaman untuk dipakai. Tidak gerah kain molor bagus,bagus nyaman pakai gerah kain molor bagus
CA000812,Positive,"alhamdulillah pesanannya sudah sampai. saya sudah repeat order untuk yang kesekian kalinya dan hasilnya selalu memuaskan, terima kasih kak.",alhamdulillah pesan repeat order sekian kali hasil muas terima kasih kak
CA000821,Positive,Buat tinggi 168 bb 70 ukuran XL udah enak sih. Ga ngepress. Kualitas oce harga oke.,168 bb 70 ukur xl udah enak sih ngepress kualitas oce harga oke
CA000823,Positive,"Pesanan sampai dengan selamat
Adem bahannya dan lembut
Terimakasih kak
Amanah
Recomended",pesan selamat adem bahan lembut terimakasih kak amanah recomended
CA000826,Positive,"Kaos berwarna hijau sage berbahan sejuk, yang nyaman dipakai sehari-hari dan untuk acara santai kasual.",kaos warna hijau sage bahan sejuk nyaman pakai sehar acara santai kasual
CA000827,Positive,"barang sudah diterima sesuai pesanan, terima kasih seller..",barang terima sesuai pesan terima kasih ller
CA000828,Positive,"Harga bersaing , produk sesuai cekout dan catatan, pengemasan juga tidak lama, lengkap dan tidak cacat. Terima kasih seller sudah amanah",harga saing produk sesuai cekout catat emas lengkap cacat terima kasih ller amanah
CA000832,Positive,Alhamdulillah masya allah bagus banget terima kasih semoga jadi langganan kualitas oke sesuai dengan harga bagus banget,alhamdulillah memasya allah bagus banget terima kasih moga langgan kualitas oke sesuai harga bagus banget
CA000836,Positive,Barang yg dikirim sesuai bahannya adem lembut nyerap keringet next order warna lain pengiriman lumayan cepet,barang kirim sesuai bahan adem lembut serap keringet menext order warna kirim lumayan cepat
CA000837,Positive,"pdhl wrn abu pesannya cma habis tp di beritahu sma admin jdi di ganti hitam
dpt hrg murah dnbahan adem
msk hitungan cepat soalnya beda pulau",pdhl wrn abu pesan cma habis tp beritahu sma adm jdi ganti hitam dpt hrg murah dnbahan adem msk hitung cepat beda pulau
CA000838,Positive,"Pket kaos yg ke 2 udh Dateng 
Bahan adem lembut enak di pake kata suami..
Harga terjangkau
 jd ketagihan pengen beli lg😃",pket kaos 2 udh dateng bahan adem lembut enak pake suami harga jangkau jd tagih en beli lg😃
CA000841,Positive,"Produk dikirm dengan baik..
Nyaman dipakai..

Terimakasih seller..",produk dikirm nyaman pakai terimakasih ller
CA000845,Positive,"Suka banget sama bahannya, enak dipakai, lembut, pas ga kegedeean ga kekecilan, suka dehh",suka banget bahan enak pakai lembut pas kegedeean suka dehh
CA000847,Positive,"bahannya tebel adem ga bikin gerah jugaa, pengiriman super gercep",bahan tebal adem bikin gerah jugaa kirim super gercap
CA000850,Positive,kaos nya keren dapet harga murah lagi. pengiriman cepat baru kemaren pesen sekarang udah nyampe.,kaos nya keren harga murah kirim cepat kemaren pesan udah nyampe
CA000852,Positive,"Bahan adem, lembuuut, ternyata ukuran L nya ngepas bgt di badan tp looking good wkk",bahan adem lembuuut nyata ukur l nya pas banget badan tp looking good wkk
CA000853,Positive,"Paket kaos polos Aerostreet sudah saya terima dalam keadaan baik, lembut sangat nyaman dipakai. Pokoknya puaslah dengan bajunya,  terima kasih banyak untuk Seller, Shopee dan juga bang Kurir.",paket kaos polos aerostreet terima lembut nyaman pakai pokok puas baju terima kasih ller shopee bang kurir
CA000854,Positive,"Ukuran sesuai deskripsi, bahan lembut dan halus, adem dipakai, tingkatkan lagi finishing jahitannya.",ukur sesuai deskripsi bahan lembut halus adem pakai tingkat finishing jahit
CA000855,Positive,"alhamdulillah barang sudah sampai dengan selamat. asli sampai saat ini gak pernah kecewa kalau belanja di AEROSTREET. udah pengiriman cepet, packingnya sangat amat aman ditambah produknya yg sangat diperhatikan kualitasnya, mulai dari kaos, sepatu, celana dsb.
terimakasih AEROSTREET. tetap semangat dan solid selalu utk semua tim AEROSTREET dan semoga bisa buka Store di Surabaya. Aamiin",alhamdulillah barang selamat asli kecewa belanja aerostreet udah kirim cepat packing aman produk perhati kualitas kaos sepatu celana dsb terimakasih aerostreet semangat solid tim aerostreet moga buka store surabaya aami
CA000857,Positive,"Produk sampai dengan aman dan cepat, packing pun rapi. Sesuai dengan yang di foto",produk aman cepat packing rapi sesuai foto
CA000858,Positive,"Alhamdulillah barang sudah sampai dengan selamat. Saya langganan beli T-Shirt disini, dijamin kualitas, pelayanan, keamanan packing sangat terjamin serta harganya yang sangat terjangkau.. terimakasih seller",alhamdulillah barang selamat langgan beli t shirt jamin kualitas pelayanan aman packing jamin harga jangkau terimakasih ller
CB000002,Positive,"Packing rapih dan baik, pengiriman sangat cepat, kualitas b aja, agak tipis, dan kualitas sablonannya juga yg biasa, sesuai harga lah ya. Untuk pria BB 84 TB 174 ini pas",packing rapih kirim cepat kualitas b aja tipis kualitas sablon sesuai harga iya pria bb 84 tb 174 pas
CB000008,Positive,"Alhamdulillah da sampai, dan sesuai ekspektasi",alhamdulillah da sesuai ekspektas
CB000014,Positive,"Mantap sih ini. Bahan cukup tebal, tidak panas, enak dikenakan☺️",mantap sih bahan tebal panas enak dikenakan☺️
CB000021,Positive,Barang sudah mendarat dengan selamat suka sesuai dengan gambar sesuailah dgn harganya pas sama badan Abang terima kasih,barang darat selamat suka sesuai gambar sesuai dgn harga pas badan abang terima kasih
CB000025,Positive,Alhamdulillah pakwt sudah sampai makasih seller,alhamdulillah pakwt memakasih ller
CB000033,Positive,"Overall suka sama barangnya, sesuai dg pesanan. Pengiriman juga baik dan standar, terimakasih",overall suka barang sesuai dg pesan kirim standar terimakasih
CB000045,Positive,Beli yg beigi bahan bagus halus.. yg item kok agak kasar ya inimh kym cmbd 24,beli beigi bahan bagus halus item kasar iya inimh kym cmbd 24
CB000053,Positive,Bagus; Keren; Nyaman,bagus keren nyaman
CB000085,Positive,Baju ny bagus dengan harga terjangkau,baju ny bagus harga jangkau
CB000092,Positive,menarik dan keren; cerah; sangat nyaman,tarik keren cerah nyaman
CB000094,Positive,"suka banget sama produk produk outfit dari aerostreet, andalan aku kalo mau kasih gift ke cowoku pasti ordernya di sini soalnya emang sebagus itu produknya, mulai dari sendal, celana chinos, kemeja katun, sama t shirt yang dipake sama cowoku di foto ini full dari brand ini semua dong karena sebagus itu😭 next mau order produk yang lain lagi di sini, thank u seller🫶🏻",suka banget produk produk outfit aerostreet andal kasih gift cowoku order emang bagus produk sendal celana chinos kemeja katun t shirt pake cowo foto full brand bagus itu😭 menext order produk thank u seller🫶🏻
CB000095,Positive,"keren dan cakep produk nya aerostreet,
kalin nya halus dan nyaman ketika dipakai jahitan nya rapi juga
terim kasih aerostreet",keren cakep produk nya aerostreet kal nya halus nyaman pakai jahit nya rapi terim kasih aerostreet
CB000096,Positive,"Aerostreet ga pernah gagal untuk soal bahan dan kecocokan sablon, kualitas nya bagus, adem nyaman, jahitan nya rapih, keren 

Pertahankan kualitas nya",aerostreet gagal bahan kecocokan sablon kualitas nya bagus adem nyaman jahit nya rapih keren tahan kualitas nya
CB000097,Positive,Kuliatas bagus. Gak.mengevewakan packing aman dan rapi. Aman sampe tujuan. Pengemasan sangat gercep,kuliatas bagus mengevewakan packing aman rapi aman sampe tuju emas gercap
CB000098,Positive,Soal kwalitas gak perlu diragukan lagi bahan lembut nyaman dipakai. Toko sudah jadi langganan orderan kesekian kalinya tetap amanah & sukses trs,kwalitas ragu bahan lembut nyaman pakai toko langgan order sekian kali amanah sukses trs
CB000100,Positive,Pokoknya GK nyesel udah 3 kali belanja belum pernah kecewa. Dari natalan tahun lalu dan tahun ini masih setia belanja disini.😍👍,pokok sesal udah 3 kali belanja kecewa natal setia belanja 😍👍
CB000103,Positive,"Kenyamanan nya bikin nagih pake brand lokal kayak gini, recommended buat di pake sehari2",nyaman nya bikin tagih pake brand lokal kayak recommended pake sehari2
CB000107,Positive,"Barang dipacking dan kirim dengan aman sampai tangan, seperti biasa selalu suka dengan bahan dan desain bajunya. Terimakasih",barang packing kirim aman tangan suka bahan desain baju terimakasih
CB000108,Positive,Bahan tebel pollll bener bener nyaman 2x order baru kali ini yang beneran tebel next bakalan order lagi,bahan tebal pollll nyaman 2x order kali tebal menext order
CB000110,Positive,"depan sablon, belakang polosan; hitam; adem dan nyaman saat dipakai",sablon polos hitam adem nyaman pakai
CB000111,Positive,Pas banget untuk anakku karena keren modelnya,pas banget anak keren model
CB000117,Positive,Kerenn cakepp gambarnya . Pas si di badan tpi agak kurang gedean dikit . Tpi oke kok .pengiriman cepat,kerenn cakepp gambar pas si badan tpi gede dikit tpi oke kirim cepat
CB000119,Positive,Pembelian kesekian kalinya. Msh nunggu orderan dtg lagi mggu ini. Gud lah ya utk produk dalam negeri. Baju sepatu oke semua.,beli sekian kali msh tunggu order dtg mggu gud iya produk negeri baju sepatu oke
CB000120,Positive,"Alhamdulillah akhirnya paket sudah terkirim dengan baik dan selamat, tidak kekurangan apapun realpict sesuai deskripsi. Anakku suka dengan gambar sablon yang baik pula, bahannya lembut pokoknya puas baru pertama belanja di toko ini. Thanks seller, shopee, dan bang kurir",alhamdulillah paket kirim selamat realpict sesuai deskripsi anak suka gambar sablon bahan lembut pokok puas belanja toko thanks ller shopee bang kurir
CB000122,Positive,"Repeat order ke 6 kalinya di aerostreet baju dan sepatu paling rekomendasi pokoknya. Seller dan kurir fast respon, barang diterima dengan aman.",repeat order 6 kali aerostreet baju sepatu rekomendasi pokok ller kurir fast respon barang terima aman
CB000124,Positive,"Alhamdulillah paketan sampai dengan slmat
Maaf ya video saya tidak sesuai
Bajunya keburu dibawa cwokku
Bajunya bagus,tebel,Ndak nerawang next beli lagi ukuran size lokal ya...",alhamdulillah paket slmat maaf iya video sesuai baju keburu bawa cwokku baju bagus tebal mendak terawang menext beli ukur size lokal iya
CB000125,Positive,"ini pembelian yg ke 2 karna yg pertama hilang masih di dalem plastik belum di pake...di taruh di teras 
hilang di ambil orang🥲
semoga awet kaosnya
lumayan dapet harga murah",beli 2 karna hilang dalem plastik pake taruh teras hilang ambil orang🥲 moga awet kaos lumayan harga murah
CB000128,Positive,"Kaosnya sudah datang. Seller amanah, barang bagus, bahan tebal dan pas dipakai anakku. next bakal order lg kalo ada promo lain dengan warna selain hitam😊",kaos ller amanah barang bagus bahan tebal pas pakai anak menext order lg promo warna hitam😊
CB000130,Positive,"bahannya adem , nyaman dipakai , suami suka poll .. terimakasih seller",bahan adem nyaman pakai suami suka poll terimakasih ller
CB000131,Positive,"murah banget woooeey dapat harga 20rban, normalnya 100rban..packing sangat rapi pengiriman super duper cepat...selalu langganan beli disini bagus dan brand nya ga abal abal seperti lainya, harga sangat murah dan banyak diskon",murah banget woooeey harga 20rban normal 100rban packing rapi kirim super duper cepat langgan beli bagus brand nya abal abal lai harga murah diskon
CB000133,Positive,"Sesuai harga, kaos premium ini mah😇",sesuai harga kaos premium mah😇
CB000135,Positive,ok; sangat bagus; sejuk bangett,ok bagus sejuk bangett
CB000140,Positive,"Ukuran sesuai pesanan, bahannya adem tidak tebal juga tidak tipis, lumayan murah dapat harga 25k dengan kualitas yg oke",ukur sesuai pesan bahan adem tebal tipis lumayan murah harga 25k kualitas oke
CB000142,Positive,"Bahanny bagus lembut sudah dicoba dan itu nyaman banget dipakainy. Saya perempuan bb 54 pakai size M pas dibadan tidak terlalu nyetrit bgt. 
Baru pertama order sudah langsung suka dengan kaosnya. Produk dalam negeri pula jd lebih semangat belinya. 
Thanks kaka
Next order lainnya lagi kak.",bahanny bagus lembut coba nyaman banget dipakainy perempuan bb 54 pakai size m pas dibad nyetrit banget order langsung suka kaos produk negeri jd semangat beli thanks kaka menext order kak
CB000147,Positive,Warna hitamnya baguss sesuai dengan gambar ukurannya juga pas di suami aku udh punya 3 koleksi kaos dari aero ini terimakasih seller,warna hitam baguss sesuai gambar ukur pas suami udh 3 koleksi kaos aero terimakasih ller
CB000148,Positive,"Pengiriman paket cepat sesuai pesanan,kainya adem enak dipakainya",kirim paket cepat sesuai pesan kainya adem enak paka
CB000153,Positive,Barang sesuai dengan deskripsi bahan tebal enak di pakai,barang sesuai deskripsi bahan tebal enak pakai
CB000157,Positive,pengirimannya lumayan lama dari Klaten ke Sumsel soalnya buat hadiah hehe tapi pas Dateng kata orangnya baguss deh Aero street ga mengecewakan,kirim lumayan klaten sumsel hadiah hehe pas dateng orang baguss deh aero street kecewa
CB000159,Positive,"All Tshirt pindah ke aero semuanya,mantab 
Harga merakyat Pas Promo live membuat tangan jadi gatal 🤧",all tshirt pindah aero memantab harga rakyat pas promo live tangan gatal 🤧
CB000161,Positive,"Barang bagus gk nyesal,, tidak diragukan lagi ditoko ini🥰",barang bagus sesal ragu toko ini🥰
CB000162,Positive,desain sablonanya sangat bagus; warnanya sangat bagus sekali; harganya jg murah kualitas bahannya ngk terlalu tipis jg ngk terlalu tebal tapi adem banget,desain sablonanya bagus warna bagus harga jg murah kualitas bahan ngk tipis jg ngk tebal adem banget
CB000166,Positive,Mantul sudah berlangganan sama brand lokal yg oke punya nih kece abis,pantul langgan brand lokal oke kece abis
CB000169,Positive,Bagus,bagus
CB000170,Positive,"warna hitam pekat, halus adem di pakai
terimakasih shopee",warna hitam pekat halus adem pakai terimakasih shopee
CB000174,Positive,bagus; sesuau; lembut tebal sesuai harga sangat recomen dengan harga 75 rebu,bagus sesuau lembut tebal sesuai harga recomen harga 75 rebu
CB000182,Positive,"Bahan tebal, ga strechy, pas d anakqu, semoga awet, terimakasih untuk semua, sehat dan sukses selalu😇",bahan tebal strechy pas d anakqu moga awet terimakasih sehat sukses selalu😇
CB000185,Positive,"Bagus hitam pekat aslinya...packing aman pengiriman cpt kainnya adem lembut hrg murah kualitas mantap
Thx kak next order lg buat kado ponakan nih",bagus hitam pekat asli packing aman kirim cpt kain adem lembut hrg murah kualitas mantap thx kak menext order lg kado ponakan
CB000187,Positive,"Sesuai pesanan pas di aku, ngga bikin gerah 👍, dpet harga 30ribu👊😭",sesuai pesan pas bikin gerah 👍 dpet harga 30ribu👊😭
CB000188,Positive,"Ngga ragu kalo Aerostreet 👏
Pengiriman cepat banget..",ragu aerostreet 👏 kirim cepat banget
CB000190,Positive,"Paket sudah sampai. Gak pernah mengecewakan, bajunya selalu bagus. Makasi seller",paket kecewa baju bagus makas ller
CB000196,Positive,"Kaosnya bagus, fit buat badan cowoku. Bahan dan gambar sablonnya juga bagus.",kaos bagus fit badan cowo bahan gambar sablon bagus
CB000197,Positive,bagus dengan Dite yang baik; indah dan menarik; lembut ban nyaman,bagus dite indah tarik lembut ban nyaman
CB000200,Positive,belum coba tapi saat di raba2 sudah terasa bahannya adem dan muluss.. sudah pasti nyaman! 🤩,coba raba2 asa bahan adem muluss nyaman 🤩
CB000202,Positive,"Selalu puas belanja disini, bahan OK packing rapi, sukses selalu untuk aerostret",puas belanja bahan ok packing rapi sukses aerostret
CB000205,Positive,keren dan menarik; warna sangat cantik dan menarik; bahan nyaman dan tidak menyebabkan gerah,keren tarik warna cantik tarik bahan nyaman gerah
CB000208,Positive,Bagan bagus nyaman rekomen untuk dipakai sehari hari. Selee amanah,bagan bagus nyaman rekomen pakai sehar selee amanah
CB000209,Positive,"Barang datang sesuai pesanan bahanya lembutt nyaman dipakai 
Pas sama ukuran suamiku😍",barang sesuai pesan baha lembutt nyaman pakai pas ukur suamiku😍
CB000216,Positive,Mantap lh pokok nya,mantap lh pokok nya
CB000225,Positive,Barang datang sesuai pesanan. Pengiriman cepat. Harga murah. Packing rapi dan aman. Terima kasih.,barang sesuai pesan kirim cepat harga murah packing rapi aman terima kasih
CB000226,Positive,keren original bagus lh pokonya tnpa komplain; warna pun Oke; sangat nyaman,keren original bagus lh poko tnpa komplain warna oke nyaman
CB000230,Positive,"Sudah beberapa kali beli merk ini, karena emang bagus",kali beli merk emang bagus
CB000233,Positive,Msh dipegang aja bahannya udh nyaman apalagi di pakai,msh pegang aja bahan udh nyaman pakai
CB000239,Positive,"Barang bagus, pengiriman cepat, seller baik, murah, sesuai diskripsi. Semoga awet",barang bagus kirim cepat ller murah sesuai skripsi moga awet
CB000245,Positive,"Kaosnya Bagus, suka sekali.. Alhamdulillah Pengemasan baik, pengiriman cepat. Mantap, recommended buat langganan 👍🏻",kaos bagus suka alhamdulillah emas kirim cepat mantap recommended langgan 👍🏻
CB000248,Positive,Orderan sudah diterima dengan baik.. barang juga sesuai order.. dapat harga murah.. semoga enak dipakai dan awet.. terima kasih.,order terima barang sesuai order harga murah moga enak pakai awet terima kasih
CB000249,Positive,Alhamdulillah paketnya sdh sampai dengan selamat dan sesuai dengan pesanan bajunya bagus kain lembut dan halus insyaallah bakalan repeat order dehhh,alhamdulillah paket sdh selamat sesuai pesan baju bagus kain lembut halus insyaallah repeat order dehhh
CB000253,Positive,Next order lagi,menext order
CB000254,Positive,"Hahahaha, dapat discount gede pas event 12.12.. pengiriman cepat lagiii. Tingkatkan yaa shopeeee",hahahaha discount gede pas event 12 12 kirim cepat lagiii tingkat yaa shopeeee
CB000255,Positive,Man mantap euy mantap euy kwalitas tebal bahan dingin thebesta pokok nya,man mantap euy mantap euy kwalitas tebal bahan dingin thebesta pokok nya
CB000256,Positive,Bagus banget ya intinya baguss woo us if Keir eh malah she bhhh,bagus banget iya inti baguss woo us if keir eh she bhhh
CB000260,Positive,"Pembelian ke dua

Pembelian yg pertama tulisan di bagian belakangnya 
Aerostreet XL
baru 2  kali di cuci ngelupas 😅,
Saya cuci pake mesin cuci + liquid rin*o

Tapi gpp, ga ngaruh, yg penting gambar depannya ga ngelupas 👍

Terimakasih.",beli beli tulis aerostreet xl 2 kali cuci ngelupas 😅 cuci pake mesin cuci liquid rin o gpp ngaruh gambar lupas 👍 terimakasih
CB000265,Positive,"Bahannya adem dan lembut, harga juga oke, pengemasan oke, pengiriman juga seperti biasa, thank you Aerostreet Official",bahan adem lembut harga oke emas oke kirim thank you aerostreet official
CB000268,Positive,Alhamdulillah bagus kainnya dinginn ga nyesel belinya...nextime beli lagi kalau ada uang lebih.,alhamdulillah bagus kain dinginn sesal beli nextime beli uang
CB000274,Positive,"Alhamdulillah, barang sesuai pesanan
Reseller amanah, bajunya cocok dan nyaman di pakai
Thanks",alhamdulillah barang sesuai pesan reseller amanah baju cocok nyaman pakai thanks
CB000276,Positive,Udah 2x CO kaos Aerostreet. Dan puas dengan barangnya. TB 175cm pake ukuran L.,udah 2x co kaos aerostreet puas barang tb 175cm pake ukur l
CB000296,Positive,worth to buy sekali nggak expect akan datang se-premium ini harga affordable pengiriman cepat terimakasih seller semoga tetap amanah 💖,worth to buy expect premium harga affordable kirim cepat terimakasih ller moga amanah 💖
CB000305,Positive,Cmn kainnya sekarang agak lebih kasar dari yg dlu.,cmn kain kasar dlu
CB000309,Positive,Kainnya lembut sehingga nyaman untuk dipakai sehari-hari dan menahan keringat jadi nyaman di pakai buat santai ataupun perjalanan jauh,kain lembut nyaman pakai sehar menahan keringat nyaman pakai santai jalan
CB000319,Positive,"Kaos nya bagus,bahan adem, nyaman di pakai, original,harga murah, pengiriman standar,packing rapi",kaos nya bagus bahan adem nyaman pakai original harga murah kirim standar packing rapi
CB000325,Positive,"Alhamdulillah barang sudah mendarat dengan cepat dan aman, terimakasih Seller. Sukses selalu untuk usahanya",alhamdulillah barang darat cepat aman terimakasih ller sukses usaha
CB000329,Positive,Barangnya bagus pengiriman juga sangat cepat,barang bagus kirim cepat
CB000335,Positive,Barangnya bagus dengan barang di bawah 100rb,barang bagus barang 100rb
CB000336,Positive,"Kaos y dh sampe, asli y cakep bgt. Makasih seller. Pengiriman jg cepat",kaos iya dh sampe asli iya cakep banget memakasih ller kirim jg cepat
CB000339,Positive,"Bagus bajunya, pasti saya beli Lgi dengan motif yg beda. minusnya pengiriman terlalu lama harus nunggu 4-5 hari smpe Rmah ..
Lebih tingkatkan lgi soal pengiriman Nya, terimakasih",bagus baju beli lgi motif beda minus kirim tunggu 4 5 smpe rmah tingkat lgi kirim nya terimakasih
CB000341,Positive,"bahan tebal, warna hitam pekat, gambar oke manly. terimakasih yaaaa",bahan tebal warna hitam pekat gambar oke manly terimakasih yaaaa
CB000343,Positive,terlihat keren dan modern; produk ini memberi kenyamanan yang bagus,lihat keren modern produk nyaman bagus
CB000344,Positive,"Terimakasih sesuai dengan pesanan, semoga awet dan bisa berlanggana terus",terimakasih sesuai pesan moga awet berlanggana
CB000345,Positive,menarik; keren; enak di pakai..,tarik keren enak pakai
CB000352,Positive,Lagi diskon doet harga 39.000,diskon doet harga 39 000
CB000354,Positive,"Gk nyesel udah sering belanja di sini..
Harga terjangkau, kwalitas gak kaleng²
Mantap mantap mantaaappp",sesal udah belanja harga jangkau kwalitas kaleng² mantap mantap mantaaappp
CB000360,Positive,"Langganan banget emang qualitas nya oke banget,, ga akan nyesel deh pokoknya",langgan banget emang qualitas nya oke banget sesal deh pokok
CB000361,Positive,Kualitas produk sangat baik produk original harga produk sangat baik selalu puas belanja di sini,kualitas produk produk original harga produk puas belanja
CB000364,Positive,"bagus; hitam sesuai pesanan; nyaman,lembut",bagus hitam sesuai pesan nyaman lembut
CB000374,Positive,"Cepet bgt udah sampe, udh worry bakal lama secara lg 9.9 dpt murah bgt cm 26ribu. order kedua kalinya, kaos nya emang nyaman. Thanks seller",cepat banget udah sampe udh worry lg 9 9 dpt murah banget cm 26ribu order kali kaos nya emang nyaman thanks ller
CB000376,Positive,"Seneng banget , pas dateng sesuai ekspektasi",neng banget pas dateng sesuai ekspektas
CB000388,Positive,"menarik; sesuai gambar; pas ,bahannya adem",tarik sesuai gambar pas bahan adem
CB000394,Positive,Pas pertama beli 3 bagus bahannya tebal. Tapi yg ini sedikit tipi,pas beli 3 bagus bahan tebal tipi
CB000395,Positive,"Kaose wapik poll kenek nggo langganan, asli ori jian mantul tul tul",kaose wapik poll kenek nggo langgan asli ori jian pantul tul tul
CB000398,Positive,"bagus bgtt, dapet hrga 20k bagus kualiatasnya, mantapp flassale nya",bagus bgtt hrga 20k bagus kualiatasnya memantapp flassale nya
CB000399,Positive,Selelu puas beli produknya aerostreet bolak balik beli barang bagus dan sesuai terus nyaman di pakai juga sukses terus,selelu puas beli produk aerostreet bolak beli barang bagus sesuai nyaman pakai sukses
CB000406,Positive,"Pengiriman cepat ,packing aman  rapi,sesuai pesanan,kaosnya bagus recomended kurir ramah",kirim cepat packing aman rapi sesuai pesan kaos bagus recomended kurir ramah
CB000407,Positive,sederhana namun elegan; wrna yg menarik; kaos yang sangat nyaman saat dipakai,sederhana elegan wrna tarik kaos nyaman pakai
CB000409,Positive,memiliki potongan yang bagus dan stynles; sangat menarik dan sesuai gambar; terasa sejuk dan nyaman,milik potong bagus stynles tarik sesuai gambar asa sejuk nyaman
CB000410,Positive,"Yg agility sedikit kotor dan beda warna antara lipatan baju,bagian depan kek kusem bagian lipatan dalam hitam pekat",agility kotor beda warna lipat baju kek kusam lipat hitam pekat
CB000418,Positive,"Bagus bajunya 😍 alhamdulillah dpt diskon, beli 2 hrga 75",bagus baju 😍 alhamdulillah dpt diskon beli 2 hrga 75
CB000420,Positive,Bahan adem dan lembut semoga awet terimakasih resseler… next beli yg lain,bahan adem lembut moga awet terimakasih resseler… menext beli
CB000426,Positive,menarik dengann detail yang menarik; memiliki warna hitam yang indah dan menarik; bahan yang eanak dan nyaman  dipakai,tarik dengann detail tarik milik warna hitam indah tarik bahan eanak nyaman pakai
CB000431,Positive,bahannya ngk prnh ngecewain 👍🏻 tebel halus adem pengirimannya cepet,bahan ngk prnh cewa 👍🏻 tebal halus adem kirim cepat
CB000433,Positive,Kain nya halus 👍,kain nya halus 👍
CB000440,Positive,Udah kesekian kalinya selalu beli disini klu buat kaus bocil,udah sekian kali beli klu kaus bocil
CB000452,Positive,hitam,hitam
CB000454,Positive,Jangan ragu beli di toko ini rekomendasi banget👍👍👍,ragu beli toko rekomendasi banget👍👍👍
CB000460,Positive,Parah..harus beli ga bs dbatalkan co nya..pdhl dah co ulang,parah beli bs dbatalkan co nya pdhl dah co ulang
CB000462,Positive,bagus; hitam elegan; kain adem,bagus hitam elegan kain adem
CB000464,Positive,hitam; menarii; kainnya lembut semoga suamiku sukaa,hitam tari kain lembut moga suami sukaa
CB000466,Positive,"Sesuai pesanan, pengiriman barang cepat",sesuai pesan kirim barang cepat
CB000470,Positive,"menarik dan modis; sesuai gambar; ngepas di badan, dulu pernah beli ukuran yang sama tp agak lebar sedikit",tarik modis sesuai gambar pas badan beli ukur tp lebar
CB000472,Positive,"Pengiriman terbilang cepat, estimasi tiba tgl 18-19, 
Ternyata tgl 15 sdh dtg, keren².. 
Ada sdikit cacat kain d kaos yg warna biru, tlng QC nanti lebih teliti lg, tq seller..",kirim bilang cepat estimasi tgl 18 19 nyata tgl 15 sdh dtg keren² sdikit cacat kain d kaos warna biru tlng qc teliti lg tq ller
CB000473,Positive,size M ternyata kecil di body 58kg - 168 cm,size m nyata body 58kg 168 cm
CB000477,Positive,"👍👍👍👍👍👍👍👍👍👍
Mantab",👍👍👍👍👍👍👍👍👍👍 memantab
CB000484,Positive,bagus; hitam kesukaan anak saiya; adem,bagus hitam suka anak saiya adem
CB000489,Positive,"Alhamdulillah saya suka, semoga usahanya lancar terus... ( ◜‿◝ )",alhamdulillah suka moga usaha lancar ◜‿◝
CB000490,Positive,"terimakasih kak, bahan nya bagus",terimakasih kak bahan nya bagus
CB000507,Positive,Bagus banget dapat harga 20 ribu..,bagus banget harga 20 ribu
CB000509,Positive,Kegedean ini mah😁,gede mah😁
CB000512,Positive,Bagus dan nyaman,bagus nyaman
CB000520,Positive,"Realpict
Bahan bagus, nyaman",realpict bahan bagus nyaman
CB000548,Positive,"Bagus, sesuai ekspektasi",bagus sesuai ekspektas
CB000558,Positive,bagua; warna yang saya suka; sangat nyaman,bagua warna suka nyaman
CB000569,Positive,stylish; sesuai; adem,stylish sesuai adem
CB000580,Positive,bagus dn Stylish; sesuai,bagus dn stylish sesuai
CB000591,Positive,"Maaf yang di foto lain ya soalnya barangnya dirumah, bagus banget realpict",maaf foto iya barang rumah bagus banget realpict
CB000600,Positive,bagus; sesuai; bagus,bagus sesuai bagus
CB000601,Positive,keren,keren
CB000609,Positive,"Bagus,,,anak suka,,,next order lagi",bagus anak suka menext order
CB000623,Positive,"Sesuai pesanan, pengiriman cepat",sesuai pesan kirim cepat
CB000645,Positive,bagus; bagus; sejuk,bagus bagus sejuk
CB000652,Positive,Kereeen,kereeen
CB000684,Positive,bagus bahannya juga lembut,bagus bahan lembut
CB000737,Positive,"udah 3 kali beli baju ditoko ini gapernah kecewa,bakal jadi langganan sih👍",udah 3 kali beli baju toko gapernah kecewa langgan sih👍
CB000752,Positive,Bagus sekali lagi saya ucapkan terima kasih atas kunjungan,bagus terima kasih kunjung
CB000869,Positive,Barang diterima tepat waktu,barang terima
CB000936,Positive,baguss,baguss
CB001248,Positive,"kainnya lembut, pokoknya memuaskan",kain lembut pokok muas
CB001255,Positive,"Ke 2 kali nya order untuk suami, karna bahannya yang bagus tebel dan ga kelihatan murahan. Harga dibawah 50 ribu dah dapet kaos se nyaman itu terima kasih next tolong dibanyakin pilihan yang Aesthethic hehe 🙏🙏🙏❤️‍🔥❤️‍🔥",2 kali nya order suami karna bahan bagus tebal lihat murah harga 50 ribu dah kaos nyaman terima kasih menext tolong pilih aesthethic hehe 🙏🙏🙏❤️‍🔥❤️‍🔥
CB001262,Positive,"Makasih banyak pesanan udah, sampee packing saman semoga kkak saya sukaa",memakasih pesan udah sampee packing saman moga kkak sukaa
CB001267,Positive,sangat menarik dan cantik; sangat cerah dan menarik; barang ini sangat nyaman saat digunakan,tarik cantik cerah tarik barang nyaman
CB001275,Positive,Respon nya sngt bagus .. cpt pengiriman nyaa brng sesuai semoga suami sukaa 😍,respon nya sngt bagus cpt kirim saa brng sesuai moga suami sukaa 😍
CB001276,Positive,kesekian kalinya beli disini dan selalu bagus bajunya nyaman dipakai jugaa🥰,sekian kali beli bagus baju nyaman pakai jugaa🥰
CB001280,Positive,"Alhamdulillah...barang yg ku pesan udah dtg dan sesuai , bagus bajunya, adem, enak dipakai sehari hari. Terima kasih..",alhamdulillah barang ku pesan udah dtg sesuai bagus baju adem enak pakai sehar terima kasih
CB001291,Positive,"Produk bagus, bahan yang tebal dan lembut, desain yg menarik dan nyaman dipakai",produk bagus bahan tebal lembut desain tarik nyaman pakai
CB001294,Positive,"Walaupun order ke klaten jawa tengah datang ke bandung sangat cepat,seller sangat cepat dalam pengemasan di kirim di hari yang sam saat check out.thx seller lancar terus usaha nya.",order klaten jawa bandung cepat ller cepat emas kirim sam check out thx ller lancar usaha nya
CB001303,Positive,"Sukaaaaaa anaknya alhamdulillah
Proses n pengiriman juga cepet ga dilama2
Bahan ga gerah
Next order lagi.. Thanks..",sukaaaaaa anak alhamdulillah proses n kirim cepat dilama2 bahan gerah menext order thanks
CB001304,Positive,Alhamdulillah sudah sampai. Dicoba suami pas. Mau dicuci dulu. Terima kasih seller dna kurir. Semoga berkah semuanyaaaaa.. Mantap,alhamdulillah coba suami pas cuci terima kasih ller dna kurir moga berkah semuanyaaaaa mantap
CB001307,Positive,Sesuai ekspektasi,sesuai ekspektas
CB001311,Positive,Sperti pembelian pertama kaosnya bagus bangeett bhnnya tebel halus dan adem nyaman bgt dipake'nya suamiku suka👍🤗,spert beli kaos bagus bangeett bhnnya tebal halus adem nyaman banget pake nya suami suka👍🤗
CB001318,Positive,Makasih kak...paketnya udah sampe.Packing aman dan rapi.Respon dan pengirimannya juga cepat.Makasih ya kakkk🥰,memakasih kak paket udah sampe packing aman rapi respon kirim cepat memakasih iya kakkk🥰
CB001322,Positive,"Kaosnya bahannya bgs adem di pake, next mau order lg kl ada motif yg bgs, pengiriman lumayan cepat, thank you",kaos bahan bgs adem pake menext order lg kl motif bgs kirim lumayan cepat thank you
CB001328,Positive,Bahan halus lembut enak dipakai nyerap keringat,bahan halus lembut enak pakai serap keringat
CB001329,Positive,Alhamdulillah barangnya sudah sampai dengan selamat pengemasannya standart pengirimannya standart terimakasih,alhamdulillah barang selamat emas standart kirim standart terimakasih
CB001332,Positive,"Terimakasih barang sudah sampai, sukses terus usahanya seller",terimakasih barang sukses usaha ller
CB001335,Positive,"Kualitas produk baik. Pengemasan cepat, sangat aman dan rapi.",kualitas produk emas cepat aman rapi
CB001337,Positive,"Dengan harga terjangkau Kualitas bahan cukup baik , dapat digunakan ketika beraktivitas.",harga jangkau kualitas bahan aktivitas
CB001340,Positive,"Kaosnya bagus, ok,,, bahan juga tebal,, motif bagus, semoga mereka senang",kaos bagus ok bahan tebal motif bagus moga senang
CB001349,Positive,"Bahan tebal, adem dan lembut",bahan tebal adem lembut
CB001352,Positive,"Biarkan bintang-bintang yang berbicara... recommended seller 

#gakpakailama",biar bintang bintang bicara recommended ller
CB001356,Positive,sesuai pesanan pengjriman cepat mantap jiwa ookokmen,sesuai pesan pengjriman cepat mantap jiwa ookokmen
CB001376,Positive,Pas dengan harga,pas harga
CB001385,Positive,bagus; sesuai; bahan tebal,bagus sesuai bahan tebal
CB001386,Positive,Bakal order lagi bagus kaosnya bahan tebal,order bagus kaos bahan tebal
CB001389,Positive,bagus; bagus; bagus,bagus bagus bagus
CB001398,Positive,Bestttttttt quality,bestttttttt quality
CB001403,Positive,AGILITY; beuhh🗿; hitam,agility beuhh🗿 hitam
CB001413,Positive,Mantap 👍🏼,mantap 👍🏼
CC000002,Positive,"paketnya datang cepet bgt sehari besoknya langsung nyampe, pas dipake bagus modelnya.",paket cepat banget sehar besok langsung sampe pas pake bagus model
CC000003,Positive,"bagus yaa, tapi namanya juga murah jadi jaitan nya kurang rapih, kirain aku L itu ga crop disaya, ternyata hampir mau jadi crop😭😭
yudh thnks ya",bagus yaa nama murah jait nya rapih l crop nyata crop😭😭 yudh thnks iya
CC000004,Positive,"untuk produk sih bagus, cuma di aku kekecilan😔
di deskripsi panjang baju 63 cm, tp aku ukur lagi 57 cm plis... tp it's okey, pengirim nya juga cepet kok",produk sih bagus kekecilan😔 deskripsi baju 63 cm tp ukur 57 cm plis tp it s okey kirim nya cepat
CC000006,Positive,Sesuai harga,sesuai harga
CC000007,Positive,Kemeja wispie lembut dan pas bagi saya,kemeja wispie lembut pas
CC000008,Positive,"tak kita tali belakangnya silang silang ternyata engga,bahan oke lah buat harga segitu.tak kura tebel ternyata ya sesuai si dengan harga hehehe tapi bagus",tali silang silang nyata bahan oke harga gitu kura tebal nyata iya sesuai si harga hehehe bagus
CC000009,Positive,"Menurutku aja yaa, dengan harga segini ga bisa komplain sih, kalo misal harganya 50an mungkin aga komplain dikit. Dengan harga segini, kamu dapet apa yang kamu bayar. Kainnya kelihatan kok not the best quality, mungkin di foto ga kelihatan yaa but in real life kamu bisa banget lihat kalo kainnya yaaa gitu lahh, apa lagi di baju yag item, itu udah keliatan banget lahh. Yang khaki ga kelihatan banget soal kainnya, tapi kalo dipegang ya sama aja sih kayanya kainnya, tapi kalo dipandang dari jauh yang strip lebih ok dari pada yang polosan. Untuk penempatan talinya, menurutku kurang kebawah dikit, kalau di tali di aku malah menghambat lengan, jadi gabisa gerakin lengan dan juga perasaanku yaa waktu ngiket itu kaya yang bagian kiri itu ga sejajar sama yang bagian kanan, jadi kaya cuma sebelah sisi yang keiket eret sisi lainnya agak longgar. Dan tadi waktu ngecek, yang strip kaya ada sedikit baunya. Entah itu bau apa, but overall ok lah dengan harga yang di bayar. Would i buy it again? No. But is it matching the price? Absolutely. You get what you pay lah. Ati ati aja.",aja yaa harga segin komplain sih harga 50an aga komplain dikit harga segin bayar kain lihat not the best quality foto lihat yaa but in real life banget lihat kain yaaa gitu lahh baju yag item udah liat banget lahh khaki lihat banget kain pegang iya aja sih kaya kain pandang strip ok polos tali dikit tali hambat lengan gabisa gerak lengan asa yaa ngiket kaya kiri jajar kanan kaya sebelah sisi ikat eret sisi longgar cek strip kaya bau bau but overall ok harga bayar would i buy it aga no but is it matching the price absolutely you get what you pay ati ati aja
CC000014,Positive,Klo mslh pas atau gk belum di coba,mslh pas coba
CC000015,Positive,"bagus kalem; tipis,tapi tidak nerawang; moderen minus jaitan kurang rapih",bagus kalem tipis terawang moderen minus jait rapih
CC000016,Positive,"Dtngnya cepat sekali, sesuai pesanan barang yg datang. Lumayan lah harga segitu, mohon d perhatikan lagi y ka msih banyak benang"" Yg berlebihan..",dtngnya cepat sesuai pesan barang lumayan harga gitu mohon d perhati iya ka msih benang
CC000017,Positive,"Yg merah maroon agk tipis, aku salah pesan gak lihat ternyata yg maroon gak ada liris” nya🥲😭",merah memaroon agk tipis salah pesan lihat nyata memaroon liris” nya🥲😭
CC000018,Positive,"kurang strong; bagus; bagus, cumaa banyak benang+jahitan kurang kuat, tapii baguss",strong bagus bagus cumaa benang jahit kuat tapii baguss
CC000024,Positive,bagus; menarik; keren dan modern,bagus tarik keren modern
CC000025,Positive,"bagus aku sukaa, buat bb 41 di lengan agak besar sedikit",bagus sukaa bb 41 lengan
CC000028,Positive,"Overall bagus kecuali jahitan nya ini bermasalah, terlalu sembarangan ngejahit nya but buat harga segitu it's okay saya maklumi karna baju nya cuman buat daily ngampus, soo usahain buat ditingkatkan lagi kualitas nya ya💗",overall bagus kecuali jahit nya sembarang jahit nya but harga gitu it s okay maklum karna baju nya cuman daily kampus soo usaha tingkat kualitas nya ya💗
CC000029,Positive,"ini mah bukan warna khaki, lebih kaya warna grey gtu, bahannya juga tipis",mah warna khaki kaya warna grey gtu bahan tipis
CC000033,Positive,Bagus bahannya cmn jaitan pinggir kurang rapih tapi ya sesuailh sm harga segitu rekomen deh,bagus bahan cmn jait pinggir rapih iya sesuailh sm harga gitu rekomen deh
CC000035,Positive,tipis tpi bagus; bisa di mixs celana apapun; ada harga ada kualitas,tipis tpi bagus mixs celana harga kualitas
CC000039,Positive,"barang sudah sampai terimakasih warnanya bagus,tp sayang model nya g sesuai ma gambar klo tangan y sama lebar tp knp yg ni da tali pinggang sedang yg digambar karet pinggang jd agak kecewa",barang terimakasih warna bagus tp sayang model nya sesuai ma gambar tangan iya lebar tp knp da tali pinggang gambar karet pinggang jd kecewa
CC000041,Positive,sangt bagus dan sesuai dngn gambar; sederhana namun elegan; sangt halus,sangt bagus sesuai dngn gambar sederhana elegan sangt halus
CC000043,Positive,bagus si cmn taliny g trlalu membantuk bdan gt trlalu dkt taliny jd ketarikny g trlalu keliatan,bagus si cmn taliny trlalu membantuk bdan gt trlalu dkt taliny jd ketarikny trlalu liat
CC000044,Positive,ndk panas; worthy; mungkin tidak ada,ndk panas worthy
CC000046,Positive,"terawang cmn okela buat harga 30rb an,pesanan juga sesuai dengan wrna yg di pesan",terawang cmn okela harga 30rb an pesan sesuai wrna pesan
CC000048,Positive,untuk kemeja sehari hari bagus sih ga gerah gitu bahannya,kemeja sehar bagus sih gerah gitu bahan
CC000049,Positive,untuk kemejanya saran bagian lengan balon lebih dikecilkan sedikit,kemeja saran lengan balon
CC000051,Positive,warna nya bagus; nyaman cuman sedikit tipis; baguss,warna nya bagus nyaman cuman tipis baguss
CC000054,Positive,maroon; tipis sesuai harga,memaroon tipis sesuai harga
CC000077,Positive,Bagus sekali bahan nya juga bagus pelanggan suka sekali sesuai pesanan 😍 mantap,bagus bahan nya bagus pelanggan suka sesuai pesan 😍 mantap
CC000078,Positive,abu abu; ngga terlali tipis,abu abu lali tipis
CC000079,Positive,warna sesuai ekspektasi; ringan dan nyaman; terlihat keren dan modern,warna sesuai ekspektas ringan nyaman lihat keren modern
CC000092,Positive,sesuai gambar; bagus; lembut bagus,sesuai gambar bagus lembut bagus
CC000098,Positive,Desain bagus,desain bagus
CC000099,Positive,Bagus  sih tapi kenapa kandungan ya belus di sobek satu jadi gk bisa msk sih kcik yg satunya,bagus sih kandung iya belus sobek msk sih kcik
CC000100,Positive,mantap kaaa,mantap kaaa
CC000109,Positive,blue; bgus; adem,blue bgus adem
CC000164,Positive,"saya pesan yang PLS, malah dikirimin yg SLR",pesan pls kirim slr
CC000183,Positive,Bagusss bangett😍😍 ga nyesel belii disnii,bagusss bangett😍😍 sesal belii disnii
CC000189,Positive,sesuai gambar; menarik; nyaman,sesuai gambar tarik nyaman
CC000194,Positive,bagus; nyaman,bagus nyaman
CC000202,Positive,SLR NAVY; sederhana,slr menavy sederhana
CC000207,Positive,warna oke; jahitannya kurang rapih.,warna oke jahit rapih
CC000227,Positive,"Bagus tapi tipis, jaitannya robek",bagus tipis jaitannya robek
CC000240,Positive,coklat; lembut,coklat lembut
CC000340,Positive,untuk kemejanya sangat menarik tetapi untuk jahitannya kurang kuat di bagian tali baru dicoba sudah lepas.,kemeja tarik jahit kuat tali coba lepas
CC000342,Positive,sangat bgus tidak sesuai gmbar; bahannya lumayan bagus tapi juga agak tipis; bgus sesuai dengan gmbar,bgus sesuai gmbar bahan lumayan bagus tipis bgus sesuai gmbar
CC000345,Positive,bagus cocok buat bb 55 bagus,bagus cocok bb 55 bagus
CC000348,Positive,"Pengiriman lama, entah knpa, pdhal chat selalu dibalas, bahan disesuaikan harga,",kirim knpa pdhal chat balas bahan sesuai harga
CC000349,Positive,kenapa si lengannya harus ada potongannya gtu siii😔,si lengan potong gtu siii😔
CC000354,Positive,Jujur nyesel kenapa cuma beli satu🥲🥲🥲🥲 bakal beli warna lain si jangan pada ragu cepet bgtt sampee sumpahh dahhh kaget juga,jujur sesal beli satu🥲🥲🥲🥲 beli warna si ragu cepat bgtt sampee sumpahh dahhh kaget
CC000357,Positive,wort it👏🏻,wort it👏🏻
CC000361,Positive,di aslinya warnanya ko kaya ijo ya bukan nevy?,asli warna ko kaya ijo iya nevy
CC000363,Positive,Tali belakang punggung tidak sesuai dengan di gambar,tali punggung sesuai gambar
CC000364,Positive,"customerku komplen nda sesuai sama yg di gambar
nd agak tipis",customerku komplen nda sesuai gambar nd tipis
CC000367,Positive,blue; gk nerawang gk jga tebal; bagus sih,blue terawang jga tebal bagus sih
CC000368,Positive,"bagus warna cerah; bahan nya nyaman; lucu, gemes gitu",bagus warna cerah bahan nya nyaman lucu gemas gitu
CC000373,Positive,bagian belakang yang buat tali ga sejajar,tali jajar
CC000375,Positive,baruu datang udahh robekk ☹️,baruu udahh robekk ☹️
CC000376,Positive,"baguss; polos gada garis""; lumayan",baguss polos gada garis lumayan
CC000379,Positive,"Pengiriman cepat, harga murce, ga sesuai sama yg di gambar, tapi kualitas oke untuk harga segitu",kirim cepat harga memurce sesuai gambar kualitas oke harga gitu
CC000382,Positive,"aku pesan warna pink dan latte tapi yg datang malah biruuu, kecewaa sih tapi its okey",pesan warna pink latte biruuu kecewaa sih its okey
CC000385,Positive,Kain dan jahitannya sesuai dengan harga. Model ikatnya tidak sesuai dengan foto.,kain jahit sesuai harga model ikat sesuai foto
CC000386,Positive,"sesuai gambar; lumayan, seperti sarung bantal; menarik, bagus ada tali untuk di ikat ke belakang",sesuai gambar lumayan sarung bantal tarik bagus tali ikat
CC000414,Positive,sangat cerahh; memuaskab; cuteee,cerahh memuaskab cuteee
CC000415,Positive,cantik seperti saya🤭💗,cantik saya🤭💗
CC000417,Positive,bagus,bagus
CC000419,Positive,menarik; bagus; apik,tarik bagus apik
CC000422,Positive,Bagus bajunya bisa 2 look wkwkw,bagus baju 2 look wkwkw
CC000425,Positive,udah dua kali co awalnya aku co wana biru kebesaran salah pilih ukuran😭tapi bahannya bagus bagus banget terus aku co yg warna pink yg ukuran L pas dan bagus bangett thank ya🫶🏻🌸🦋,udah kali co co wana biru salah pilih ukuran😭tapi bahan bagus bagus banget co warna pink ukur l pas bagus bangett thank ya🫶🏻🌸🦋
CC000426,Positive,cocok bangettt; nyaman adem,cocok bangettt nyaman adem
CC000428,Positive,baju nya pas di uk sya yg jumbo; dengan harga segitu uda ok banget kualitasnya; bagus ada tali dibelakang hingga bdan ku terluhat bagus,baju nya pas uk sya jumbo harga gitu uda ok banget kualitas bagus tali bdan ku terluhat bagus
CC000430,Positive,"saya bingung awal nya gimana, kok ada tali nta, baju nya seperti kemeja biasa, oh ternyata di ikat ke belakang, ada seperti untuk rompi nya, bagus bangett😻😻",bingung nya gimana tali nta baju nya kemeja oh nyata ikat rompi nya bagus bangett😻😻
CC000432,Positive,"cepat sampai, bahan adem dan tebal, tidak terawang, dpt tali buat ikat pinggang juga, word ith to buy, harga murce kualitas baguss",cepat bahan adem tebal terawang dpt tali ikat pinggang word ith to buy harga memurce kualitas baguss
CC000433,Positive,Pokok nya kalo mau beli barang di tokoh ini ajaaa cepat bnget datang nyaa👍👍,pokok nya beli barang tokoh ajaaa cepat bnget nyaa👍👍
CC000435,Positive,pliss warna pink nyaa lucuuu bangett,pliss warna pink saa lucuuu bangett
CC000436,Positive,"Cakep modelnya bikin badan keliatan langsing, dibagian tangan rada lebar, bahannya adem, nyaman dipakai, jahitannya rapih, warnanya juga cakepp, pengiriman cepat dan aman. Terimakasiiii",cakep model bikin badan liat langsing tangan rada lebar bahan adem nyaman pakai jahit rapih warna cakepp kirim cepat aman terimakasiiii
CC000437,Positive,warna maroon agak cerahan tapi baguss bangett sukaa sekaliiiiii,warna memaroon cerah baguss bangett sukaa sekaliiiiii
CC000441,Positive,Suka banget masyaallah produk nya nyaman di pake makasihh yaaa cuman tali belakang nya buat masukin tali yang yang kurang kesamping biar lebih ngepres body love you deh pokoknya bagus bettt,suka banget masyaallah produk nya nyaman pake makasihh yaaa cuman tali nya masuk tali samping biar pres body love you deh pokok bagus bettt
CC000442,Positive,"pink, sangat cantik dan menaril; menarik dengan bahan yang dingin; lumayan",pink cantik menaril tarik bahan dingin lumayan
CC000443,Positive,"bagus banget, ga ekspek we sebagus ini
beli lah we, apa lagi ga usah lagi mikir mikir buruan beli banyak tuh varian warna dan juga ukuran",bagus banget ekspek we bagus beli we pikir pikir buru beli varian warna ukur
CC000445,Positive,"Bjunya cantik, real pict juga. Untuk bahan sesuai sma harga ya sist. Untk smuanya okee",bjunya cantik real pict bahan sesuai sma harga iya sist untk smuanya okee
CC000446,Positive,"wajib di pesan lagi Krna bener2 bgs bgttt
aku pesen SLR HITAM size XL gaa kekecilan ga kebesaran 
pokonya thankyou!!Krna baju nya sesuai expetasi akuu baguss banget3🫰",wajib pesan krna bener2 bgs bgttt pesan slr hitam size xl gaa poko thankyou krna baju nya sesuai expetasi akuu baguss banget3🫰
CC000451,Positive,"Untuk harga yang tertera ini worth it bangett, jahitannya rapi, modelnya bajunya juga bagus ngebentuk di badan.",harga tera worth it bangett jahit rapi model baju bagus bentuk badan
CC000452,Positive,bagus tapi benang nya masih banyak yang panjang keluar👌👌,bagus benang nya keluar👌👌
CC000453,Positive,sbnr nya bagusi tapi ada sedikit sobek mslhnya itu titipin tmnin tapi its okey aku tetep kasih bintang 5buat terus di perbaiki selanjutnya,sbnr nya bagus sobek mslhnya titip tmnin its okey kasih bintang 5buat
CC000455,Positive,"cantikk sesuai sama yang dipesan; elegan, buat mainn nongkrong okeee; memuaskan yaaa buatt hargaa 30rb",cantikk sesuai dipes elegan mainn tongkrong okeee muas yaaa buatt hargaa 30rb
CC000456,Positive,baguss dgn hrga sgtu ehhe keliatan mahal disaya,baguss dgn hrga sgtu ehhe liat mahal
CC000458,Positive,Terima ksih🥰🥰,terima ksih🥰🥰
CC000460,Positive,sesuai ekspektasi dan menarik.; terlihat keren dan moderen; berkualitas dan memuaskan,sesuai ekspektas tarik lihat keren memoderen kualitas muas
CC000461,Positive,selalu langganan kesini hehehehhe,langgan hehehehhe
CC000464,Positive,"lucuuu bangettt warnanyaaa,pass di akuu😍😍😍",lucuuu bangettt warnanyaaa pass akuu😍😍😍
CC000465,Positive,Bahan jahitan rapii desain menarik,bahan jahit rapii desain tarik
CC000467,Positive,menarik dan bagus; memiliki desain yang menarik; tebak dan tidak tembus pandang,tarik bagus milik desain tarik tebak tembus pandang
CC000470,Positive,"sukaa bgt sm bajunya lucu,bawaannya langsung dewasa cocok untuk anak kuliahan,yakin deh nggk akan nyesel🤏🏻😍",sukaa banget sm baju lucu bawa langsung dewasa cocok anak kuliah deh gk nyesel🤏🏻😍
CC000471,Positive,nyaman di pakai untuk sehari hari,nyaman pakai sehar
CC000473,Positive,"OMGG REAL PICT YH, bahannya adem bgtt",omgg real pict yh bahan adem bgtt
CC000476,Positive,"bagus cantik; ga tipis ga tebel sesuai harga; lucuuu bgtt cantikk bangett, pas dibadanku, fit body lumayan lah harganya juga worth it untuk bajunya, warnanya juga imutt pink muda lusyuu💗 aku jadi tambah cantik keliatan tambah tinggi juga karena emg aku lumayan tinggi 167, bahuku lebar dan karena make baju ini aku jdi tau kalo aku lebih cocok make kemeja fitbody yang dikeluarin, selama ini aku make style baju yg bajunya dimasukin huhu💗",bagus cantik tipis tebal sesuai harga lucuuu bgtt cantikk bangett pas dibadanku fit body lumayan harga worth it baju warna imutt pink muda lusyuu💗 cantik liat emg lumayan 167 bahuku lebar make baju jdi tau cocok memake kemeja fitbody memake style baju baju masuk huhu💗
CC000477,Positive,barang real pict nyaman dipake untuk harga segitu worth it la ..barang cepat sampe gak ada yang rusak,barang real pict nyaman pake harga gitu worth it la barang cepat sampe rusak
CC000478,Positive,"wort it bangettt buat harga segitu, barang bagus elegan ngga keliatan harga murahann, next order lagi ✌🏻",wort it bangettt harga gitu barang bagus elegan liat harga murahann menext order ✌🏻
CC000480,Positive,sangat cerah dan menarik; bagus terasa sejuk; baju degan tmpil mengemaskan motif juga lumayan baguss,cerah tarik bagus asa sejuk baju degan tmpil emas motif lumayan baguss
CC000481,Positive,"warna nya sesuai; bagus,pake tali di belakang; lumayan lembut",warna nya sesuai bagus pake tali lumayan lembut
CC000482,Positive,bgus nihh buat pecinta warna soft,bgus nihh pecinta warna soft
CC000485,Positive,Alhamdulillah udah sampek baju nya gak tipis gak tebel juga pas gak gampang kusut sih kayanya adem di pakai warna nya cantik gak norak sama sekali model nya juga kekinian banget,alhamdulillah udah sampek baju nya tipis tebal pas gampang kusut sih kaya adem pakai warna nya cantik norak model nya banget
CC000488,Positive,"bagus terus merahnya gk begitu mencolok, jdi bisa dikombinasikan sama celana apa aja ☺; gk begitu tipis not bad lh; bagus dan cocok dibadan ku",bagus merah colok jdi kombinasi celana aja ☺ tipis not bad lh bagus cocok dibad ku
CC000490,Positive,Barang datang dengan aman. Pengiriman sangat cepat sekali ga nyampe satu hari. Warna juga sesuai dengan yang dipesan. Ada tali juga. Tapi sedikit ga rapi jahitannya. Mungkin bisa dibenahi kedepannya. Saya kasih bintang 5 karena suka dengan bahan dan warnanya,barang aman kirim cepat sampe warna sesuai dipes tali rapi jahit benah kasih bintang 5 suka bahan warna
CC000491,Positive,baguss bgtttt,baguss bgtttt
CC000494,Positive,"mungkin hampir sama; pesta , reonian ,dll; sepadan",pesta reonian dll sepadan
CC000495,Positive,"Barangnya udah nyampe packing aman "" aja sesuai pesanan belum di coba sih tapi kelihatannya bagus",barang udah sampe packing aman aja sesuai pesan coba sih lihat bagus
CC000496,Positive,"baguss bngttt tpi kebesaran di bagian pundak ny,warna nya lebih terang dari gambar.",baguss bngttt tpi pundak ny warna nya terang gambar
CC000497,Positive,udah order ke 2 kalinya bahanya bagus harga juga murah,udah order 2 kali baha bagus harga murah
CC000498,Positive,"Paket sudah diterima dengan aman. Ukuran pas anak gadis suka terimakasih Shopee, seller dan kurir semoga awet",paket terima aman ukur pas anak gadis suka terimakasih shopee ller kurir moga awet
CC000499,Positive,sangat bagus dan sesuai gambar; lembut dan halus; model kekinian dan modern,bagus sesuai gambar lembut halus model modern
CC000500,Positive,Sudah sampe cepet banget baru kemarin siang sekarang dah sampe lagi barang sesuai pesanan baju sih bagus cuma bahan nya panas sesuai harga lah.. Oiya untk toko ini mf ya kemarin tu waktu pesan baju ni yg pertama dh cekout tp ngilang tiba2 lalu aku cekout ulang eh setelah cekout ulang pas dilihat jd ada dua udah langsung ke kirim mungkin lg eror x ya jd mohon mf klo yg satu nya datang gk aku terima soal nya warna yg sama klo beda warna pasti aku tebus mf ya kk tu karna kesalahan waktu dah cekout ngilang sendri yg penting salah satu nya yg ini udh ku beli trimkasih semoga sukses🙏🙏,sampe cepat banget kemarin siang dah sampe barang sesuai pesan baju sih bagus bahan nya panas sesuai harga oiya untk toko mf iya kemarin pesan baju dh cekout tp kilang tiba2 cekout ulang eh sete cekout ulang pas lihat jd udah langsung kirim lg eror x iya jd mohon mf nya terima nya warna beda warna tebus mf iya kk karna salah dah cekout kilang sendri salah nya udh ku beli trimkasih moga sukses🙏🙏
CC000501,Positive,"bagus ,banyak pilihan warnanya; halus ,nyaman dan adem jadi ga gerah pas di pake; bagus",bagus pilih warna halus nyaman adem gerah pas pake bagus
CC000503,Positive,Aku udah 2x bli di disni harga segitu udah bagus,udah 2x bli disni harga gitu udah bagus
CC000505,Positive,warna sangat cantik dan sangat menarik; terasa nyaman dan sejuk dengan harga segini,warna cantik tarik asa nyaman sejuk harga segin
CC000511,Positive,"baju nya bagus bgt, sesuai dengan gambar. cuman ada beberapa benang yg lebih tinggal digunting aja",baju nya bagus banget sesuai gambar cuman benang tinggal gunting aja
CC000513,Positive,bagus banget banget banget kirain bakal zonk soalnya murah ternyata bagus banget i like 😍😍😍,bagus banget banget banget zonk murah nyata bagus banget i like 😍😍😍
CC000515,Positive,dengan harga segitu mort ith sii emang pengiriman nya juga cepet sehari udah nyampe mana bagus terimakasih,harga gitu mort ith sii emang kirim nya cepat sehar udah sampe bagus terimakasih
CC000517,Positive,pas di pake gak kebesaran gak kekecilan,pas pake
CC000521,Positive,Bagus banget bajunya di badan aku dengan bb 55kg. Ambil size L biar nyaman di bagian dadanya.. rekomen deh,bagus banget baju badan bb 55kg ambil size l biar nyaman dada rekomen deh
CC000522,Positive,bajunya lucu bgt sukaa,baju lucu banget sukaa
CC000523,Positive,"ini prediknya bigis bingit iki Jadi siki dih, Liyin kili iki bili di sini ligi dih",prediknya bigis bingit iki siki dih liyin kili iki bili ligi dih
CC000526,Positive,"bagus suka pls, pgn stkk bnyk buat riview tp ini bnrn bgus ko co aj",bagus suka pls pgn stkk bnyk riview tp bnrn bgus ko co aj
CC000527,Positive,murahh dan wajib dibeli,murahh wajib beli
CC000531,Positive,bagusss🫶🏻🩷,bagusss🫶🏻🩷
CC000532,Positive,ada harga ada kualitas,harga kualitas
CC000533,Positive,Alhamdulillah pesanan saya sudah sampe barang sesuai bahannya juga adem next order warna yg lain,alhamdulillah pesan sampe barang sesuai bahan adem menext order warna
CC000534,Positive,Barang sdh ad cantik cantik 🥰,barang sdh ad cantik cantik 🥰
CC000535,Positive,"Malem co pagi nya udh dateng bnr bnr cepet bgt. Baju nya bagus warnanya hampir mirip kaya di foto produk nya, tp bukan foto dari aku ya soalnya yg itu keliatan lebih muda. Pokonya sesuai deh makasi reseller❤️❤️",palem co pagi nya udh dateng bnr bnr cepat banget baju nya bagus warna kaya foto produk nya tp foto iya liat muda poko sesuai deh makas reseller❤️❤️
CC000536,Positive,"bahannya tipis tapi ga nerawang, tapi worth it la buat harga segitu jangan lupa di order guyssss",bahan tipis terawang worth it la harga gitu lupa order guyssss
CC000537,Positive,untuk mainn sama teman,memainn teman
CC000538,Positive,Sangat cantikk dan bahannya juga halus dan tidak tembus pandang juga dan free tali pinggang,cantikk bahan halus tembus pandang free tali pinggang
CC000540,Positive,Real pick banget gak nyesel beli disini,real pick banget sesal beli
CC000541,Positive,bagus banget aku sukaaaa cantik pollll🥰🥰💗💗💗💗besok beli disini lagi ahhhhhh,bagus banget sukaaaa cantik pollll🥰🥰💗💗💗💗besok beli ahhhhhh
CC000545,Positive,manis dan menarik; efektif menyerap keringat dan nyaman; memiliki desain menarik dan cantik,manis tarik efektif serap keringat nyaman milik desain tarik cantik
CC000548,Positive,"sesuai ekspetasii coyyyyy, model lengan nya ini kayak cutbray bagusss pokoknya",sesuai ekspetasii coyyyyy model lengan nya kayak cutbray bagusss pokok
CC000549,Positive,bagus dan sesuai; menarik dan cantik; lumayan tipis tapi tidak nerawang,bagus sesuai tarik cantik lumayan tipis terawang
CC000550,Positive,Worit sih sesuai dan harga pelajar ✨,worit sih sesuai harga pelajar ✨
CC000551,Positive,bajunya cantikkk && bagus nyamann mines nya jahitannya kurang rapih aja selebihnya bagus,baju cantikkk bagus nyamann pines nya jahit rapih aja bagus
CC000554,Positive,Baguss bahan nya ga panasss,baguss bahan nya panasss
CC000555,Positive,Bagus banget bajunya di aku uk L pas untuk harga segitu word'it banget next belii lagii disini,bagus banget baju uk l pas harga gitu word it banget menext belii lagii
CC000556,Positive,"Bajunya bagus bnget,wort it sih kaya di gambar dan harga segitu. Bakalan beli lagi deh..",baju bagus bnget wort it sih kaya gambar harga gitu beli deh
CC000557,Positive,L pas sekali di bb 54 tb 156,l pas bb 54 tb 156
CC000559,Positive,"slr espresso; adem bangettt dan agak sedikit nerawang sih; menarik dan bagus bangettt,gak nyesel beli di toko inii",slr espresso adem bangettt terawang sih tarik bagus bangettt sesal beli toko inii
CC000560,Positive,Baru malam mesen hari ini sudah datang bener²cepat sekali dan bagus,malam mesen bener²cepat bagus
CC000561,Positive,"tencu minn, cakep banget nihhh",tencu minn cakep banget nihhh
CC000567,Positive,Ini bagus bgt sihhh tapi untuk aku masih kegedean krna emang badannya yg kecil...,bagus banget sihhh gede krna emang badan
CC000568,Positive,"Paket datang, warna bagus👍, keren anakku suka",paket warna bagus👍 keren anak suka
CC000577,Positive,Bagus banget  sesuai ekspektasiku. Warnanya juga sesuai sama dingambar. Terimakasih saler.. semoga semakin berkembang jualanya. Amin,bagus banget sesuai ekspektasiku warna sesuai dingambar terimakasih salar moga kembang jualanya amin
CC000578,Positive,"baju nya bagus, bahan halus tapi tipis but untuk harga segitu worth it",baju nya bagus bahan halus tipis but harga gitu worth it
CC000589,Positive,baguss jahitannya juga rapihh💜; nyamann bahanya adem; sesuai gambarr 😘,baguss jahit rapihh💜 samann baha adem sesuai gambarr 😘
CC000590,Positive,Bagus banget suka sesuai harga sih kualitasnya lumayan gak panas bajunya keren pkoknya,bagus banget suka sesuai harga sih kualitas lumayan panas baju keren pkoknya
CC000592,Positive,Lumayan lah!,lumayan
CC000596,Positive,"warna baguss, persis kaya di gambar; bahan nya kuat, nyaman enak dipakai; baju nyaa lucu",warna baguss persis kaya gambar bahan nya kuat nyaman enak pakai baju saa lucu
CC000601,Positive,"Barang sesuai toko amanah, tinggal finishing aja",barang sesuai toko amanah tinggal finishing aja
CC000609,Positive,bagus banget ukuran juga pas sama badan,bagus banget ukur pas badan
CC000611,Positive,"WORTH IT BUAT HARGA SEGITU + BAGUS PKE BGT TRS NGEPAS DI BB KU,, LOP LOP DEH🤏🏻",worth it harga gitu bagus pke banget trs pas bb ku lop lop deh🤏🏻
CC000612,Positive,warna sangat bagus; bahan agak tipis; baju bagus tapi tipis,warna bagus bahan tipis baju bagus tipis
CC000613,Positive,bagus aku pilih warna expresso soalnya lagi trending jg,bagus pilih warna expresso trending jg
CC000615,Positive,lovee banget bajunyaa,lovee banget bajunyaa
CC000616,Positive,cakeppp ❤️,cakeppp ❤️
CC000619,Positive,itu banyak bnget tali yg kluar+ jaitan juga ada yang belum beres,bnget tali kluar jait beres
CC000620,Positive,baju nya bagus tapi sayang benang nya pada keluar² an,baju nya bagus sayang benang nya keluar² an
CC000624,Positive,"GAA ESPEK BAHAN NYA BAGUS, aku pikir 35an itu bahan nya yg kresek kresek gitu, ternyata ngga koo, emang agak tipis, ya namanya jg 35an, tapi bahan nya ga kaku ko, enak, ga panas juga, POKOKNYA BINTANGG 10 BUAT TOKONYA, BARU PESEN KEMAREN, SEKARANG UDAH NYAMPE, biasanya produk lain minimal 3h baru sampe, ini sehari doangg, mana barangnya bagus bgt lup lup dehh🥺🤍; pakein cutbray masuk nih menurutku; formal sii",gaa espek bahan nya bagus pikir 35an bahan nya kresek kresek gitu nyata koo emang tipis iya nama jg 35an bahan nya kaku ko enak panas pokok bintangg 10 toko pesan maren udah sampe produk minimal 3h sampe sehar doangg barang bagus banget lup lup dehh🥺🤍 pakein cutbray masuk formal sii
CC000627,Positive,"pokoknya suka banget sama baju ini, sesuai dengan di gambar dan ukurannya pas di badan aku, i love this clothes ,thank UU💗💗💗💗",pokok suka banget baju sesuai gambar ukur pas badan i love this clothes thank uu💗💗💗💗
CC000628,Positive,"bagus, pengiriman cepatt",bagus kirim cepatt
CC000629,Positive,sesuai; rapih; tidak terlalu tipis,sesuai rapih tipis
CC000631,Positive,Padahal BB 56 TB 143 tp ukuran L pas bgt suka bgt warnanya kalem soft pink,bb 56 tb 143 tp ukur l pas banget suka banget warna kalem soft pink
CC000635,Positive,menarik; nyaman; bagus,tarik nyaman bagus
CC000637,Positive,baguss dapet harga 25 ukuran pas sesuai harga bahannya tipis kalau kena cahaya pasti nerawang terus talinya kirain datangnya 3 tali ternyata 1 doang tapi bagus terus datangnya cepett cumq sehari,baguss harga 25 ukur pas sesuai harga bahan tipis kena cahaya terawang tali 3 tali nyata 1 doang bagus cepett cumq sehar
CC000638,Positive,"baguss banget plss demi apa ini baju, untuk bahannya kurang tebal tapi ga terawang ko msih nyaman juga dipake halus lembut, menarik dan bikin elegan banget tipe baju bginii, suka deh thx seller😍😍",baguss banget plss baju bahan tebal terawang ko memsih nyaman pake halus lembut tarik bikin elegan banget tipe baju bginii suka deh thx seller😍😍
CC000639,Positive,Sngt sukaa,sngt sukaa
CC000651,Positive,"pesanan sesuai yang diinginkan,yang beli ngga bakal nyesel dehh,intinnya top markotop 👍🏻🤩🥳",pesan sesuai beli sesal dehh intinnya top markotop 👍🏻🤩🥳
CC000653,Positive,sesuai dengan dipoto dan bagus; sesuai tidak nerawang; bagus banget rekomendasi pokoknya deh,sesuai dipoto bagus sesuai terawang bagus banget rekomendasi pokok deh
CC000655,Positive,bagus pokok nya,bagus pokok nya
CC000657,Positive,sangat bagus dan sesuai dengan gambar; sangat lembut dan nyaman di kulit; menarik dengan detail yang bagus,bagus sesuai gambar lembut nyaman kulit tarik detail bagus
CC000658,Positive,sukaa,sukaa
CC000659,Positive,"ini dapet talinya ya gais, bahannya bagus pas di badan juga cuma bagian pinggang memang sedikit kebesaran tetapi tetap bagus karna bantuan talinya.",tali iya gais bahan bagus pas badan pinggang bagus karna bantu tali
CC000660,Positive,Bagus modelnyaa lucu ukuran pas pengiriman cepat,bagus modelnyaa lucu ukur pas kirim cepat
CC000661,Positive,"sangat menarik; terbuat dari bahan katun,nyaman dipakai; sangat keren",tarik bahan katun nyaman pakai keren
CC000663,Positive,"sesuai dengan harga, talinya terpisah ya gusy🤭kebesaran sdikit min😢😔",sesuai harga tali pisah iya gusy🤭kebesaran sdikit min😢😔
CC000666,Positive,Alhamdulillah barang nya sudah sampai dengan selamat dan bagus terimakasih,alhamdulillah barang nya selamat bagus terimakasih
CC000667,Positive,pengiriman nya cepatt,kirim nya cepatt
CC000669,Positive,"bagus kok gaes , sesuai harga",bagus gaes sesuai harga
CC000671,Positive,Sumpah kak bagus banget jadi pengen pesan lagi🥲🥲,sumpah kak bagus banget en pesan lagi🥲🥲
CC000672,Positive,bgus sih tpi sayang bagian dada ny sempit padahal ld nya 120 biasa nya pake ld 115 aja udh muat,bgus sih tpi sayang dada ny sempit ld nya 120 nya pake ld 115 aja udh muat
CC000675,Positive,menarik dan ceria; sangat lembut dan nyaman di kulit; imut dan menarik perhatian,tarik ceria lembut nyaman kulit imut tarik perhati
CC000676,Positive,Kemejanya sangat bagus dengan desain strip dan ada tali dibelakang sehingga membuat pinggang keliatan ramping,kemeja bagus desain strip tali pinggang liat ramping
CC000680,Positive,bagus dan menarik; sangat nyaman dan halus; terlihat keren dan kekinian,bagus tarik nyaman halus lihat keren
CC000691,Positive,enak bngt bhn nya adem ga bikin grah,enak bngt bhn nya adem bikin grah
CC000692,Positive,pengiriman cepat pesan kemaren datang sekarang,kirim cepat pesan maren
CC000693,Positive,pink sesuai variasi yang dipesan; tipis tapi tidak nerawang; bagus,pink sesuai variasi dipes tipis terawang bagus
CC000701,Positive,Bagus worit juga harga segituuu,bagus worit harga segituuu
CC000702,Positive,pink; tipis tapi bagus; lucuu dan y keciwi' banget,pink tipis bagus lucuu iya keciwi banget
CC000706,Positive,"bagus bagus, cuman ya jahitannya kurang rapi sedikit oke ges, tapi enak bahannya boleh lah dicoba",bagus bagus cuman iya jahit rapi oke ges enak bahan coba
CC000707,Positive,lucuu bangettt,lucuu bangettt
CC000708,Positive,"bajuu nyy sangatt"" bagusa",bajuu nyy sangatt bagusa
CC000710,Positive,"Alhamdulillah kemeja bagus keren untuk remaja walau kainnya agak panas ,bagus modelnya,hrg terjangkau banget ....mksh shopee, seller dan mas kurir",alhamdulillah kemeja bagus keren remaja kain panas bagus model hrg jangkau banget memksh shopee ller mas kurir
CC000712,Positive,bagus; bguss ini ke 2 kali nya beli; lumayan,bagus bguss 2 kali nya beli lumayan
CC000719,Positive,sngt menarik dan cantik; gk trllu tipis; sngt nyaman,sngt tarik cantik trllu tipis sngt nyaman
CC000724,Positive,sesuai dengan gambar; ringan dan nyaman; sangat bagus,sesuai gambar ringan nyaman bagus
CC000725,Positive,Di foto sama yg datang beda di bagian belakangya,foto beda belakangya
CC000728,Positive,"Makaciii seler, puass. Sukses trs yaa",makaciii selar puass sukses trs yaa
CC000729,Positive,"menarik; nyaman; lucu,manarik,dan elegan",tarik nyaman lucu manarik elegan
CC000734,Positive,Suka poll,suka poll
CC000736,Positive,sesuai dengan gambar; tidak terlalu tipis; baguss bangettt,sesuai gambar tipis baguss bangettt
CC000742,Positive,sesuai; keren; tidak terlalu tipis,sesuai keren tipis
CC000744,Positive,"SLR PINK, L; tipis tapi tidak nerawang; simpel",slr pink l tipis terawang simpel
CC000745,Positive,cantik dan menarik; nyaman; elegan,cantik tarik nyaman elegan
CC000750,Positive,"Realpick bangettt, ga nyesel beli dsni",realpick bangettt sesal beli dsni
CC000762,Positive,ping sesuai gambar; menarik dan modern; lembut,ping sesuai gambar tarik modern lembut
CC000776,Positive,"Tolong yaa mba/mas noda nya ini gimna gak bisa ilang + jahitan nya di rapihin lagi yaa, overall baguss semuanya koo sukaaaa",tolong yaa mba mas noda nya gimna ilang jahit nya rapihin yaa overall baguss koo sukaaaa
CC000778,Positive,Bagus si tp knp yaa ada bolong,bagus si tp knp yaa bolong
CC000780,Positive,"bahannya adem,kegedean aja si di aku",bahan adem gede aja si
CC000783,Positive,worth it lah ya harga murmer,worth it iya harga murmer
CC000785,Positive,ekspreso; oke banget; menarik,ekspreso oke banget tarik
CC000793,Positive,warna sangat cantik dan menarik; terbuat dri bahan yg lembut dan nyaman; menarik dan modern,warna cantik tarik dri bahan lembut nyaman tarik modern
CC000799,Positive,"baguss, ga nyesell next co yg strip",baguss nyesell menext co strip
CC000803,Positive,"espresso; halus, lembut, dan tidak nerawang; keren bagus",espresso halus lembut terawang keren bagus
CC000808,Positive,lucuu tp agak kegedeann tp jujurly bagusss🩷🩷🩷🩷,lucuu tp kegedeann tp jujurly bagusss🩷🩷🩷🩷
CC000833,Positive,"bagus banget, tapi kok ga dikasih tali nya ya",bagus banget kasih tali nya iya
CC000838,Positive,"ga sesuai sama yang di gambar; kurang rapih jahitannya; tipis, dan mudah lecek",sesuai gambar rapih jahit tipis mudah lecek
CC000855,Positive,"bagus; bagus banget ih suka, harganya juga worth it bgttt; menarik",bagus bagus banget ih suka harga worth it bgttt tarik
CC000860,Positive,sesuai cakep puolll; bahanya nyaman ga bikin gerah; bagus bangettt sukaa,sesuai cakep puolll baha nyaman bikin gerah bagus bangettt sukaa
CC000866,Positive,Pas dipakai dn murah tapi barang baguss,pas pakai dn murah barang baguss
CC000870,Positive,bagus sesuai gambar; bagus tidak panas; modere,bagus sesuai gambar bagus panas modere
CC000878,Positive,"sangat cerah; memuaskan; motif mnarik ,bagus",cerah muas motif mnarik bagus
CC000880,Positive,"bagusss; nyaman dan halus; menarik, lucuu😙",bagusss nyaman halus tarik lucuu😙
CC000887,Positive,Asli bagus sekali semoga aja pas soalnya belum dicoba next order lg,asli bagus moga aja pas coba menext order lg
CC000896,Positive,"Bagus lucu bajunya bahan sesuai harga murah gak kecewa beli ini, pengiriman cepat",bagus lucu baju bahan sesuai harga murah kecewa beli kirim cepat
CC000898,Positive,sbnernya bagus cuma bhannya emng agak tipis yaa but okey no problem,sbnernya bagus bhannya emng tipis yaa but okey no problem
CC000899,Positive,bagusss poll; lembut; pokoknya bintang 5,bagusss poll lembut pokok bintang 5
CC000900,Positive,warna bagus; sangat nyaman di gunakan,warna bagus nyaman
CC000904,Positive,mnrik; nyaman; sprti di gmbr,mnrik nyaman sprti gmbr
CC000909,Positive,"yaa sesuai hargaa lahh bahannyaa mahh, lumayaan segini mahh",yaa sesuai hargaa lahh bahannyaa mahh lumayaan segin memahh
CC000925,Positive,sesuai; gerah yaa; bagus sekali,sesuai gerah yaa bagus
CC000928,Positive,"Cepet banget sampe nya, padahal baru co malamnya eh besoknya udah dateng aja😭💗",cepat banget sampe nya co malam eh besok udah dateng aja😭💗
CC000929,Positive,suka bngt deh pokonyaaa💗💗💗,suka bngt deh pokonyaaa💗💗💗
CC000932,Positive,sangat cerah dan menarik; menarik dan modern; cukup baik,cerah tarik tarik modern
CC000937,Positive,bagus pol; oke lah harga segitu; cuteeee,bagus pol oke harga gitu cuteeee
CC000951,Positive,sesuaii; bagusss bangett; lumayann,sesuai bagusss bangett lumayann
CC000956,Positive,sesuai gambar; ya lembut; seperti gambar,sesuai gambar iya lembut gambar
CC000965,Positive,menarik; nyaman digunakan; sangat lucu,tarik nyaman lucu
CC000971,Positive,ringan dan nyaman baguss pokoknya,ringan nyaman baguss pokok
CC000973,Positive,BAGUSSS BGTTTT,bagusss bgtttt
CC000985,Positive,Reallpict kak next bakal order lagi🥳🤩🥰🤗,reallpict kak menext order lagi🥳🤩🥰🤗
CC000989,Positive,Bagus buat kegiatan sehari-hari,bagus giat sehar
CC000990,Positive,pass sesuai gambar; lumayan; sukaaaa,pass sesuai gambar lumayan sukaaaa
CC000993,Positive,yang khaki datang nya warna gelap gt tp gpp; bagus cmn ya bnyk jahitan yg grapi tp ok; bagus kook dingin ga bahan tipis gt sesuai sm harga,khaki nya warna gelap gt tp gpp bagus cmn iya bnyk jahit grapi tp ok bagus kook dingin bahan tipis gt sesuai sm harga
CC000996,Positive,"SLR PINK, L",slr pink l
CC001005,Positive,Bagusss polll10000//10⭐,bagusss polll10000 10⭐
CC001011,Positive,"warna nya cantik, sesuai ekspektasi; tipis, tapi cantik",warna nya cantik sesuai ekspektas tipis cantik
CC001018,Positive,maroon; simpel; bagus,memaroon simpel bagus
CC001022,Positive,cantik; sesuai gambar,cantik sesuai gambar
CC001032,Positive,okelaa dengan harga segituu baguss👍🏻,okelaa harga segituu baguss👍🏻
CC001039,Positive,bagus; lembut dn agak tebal; lucuuuuu,bagus lembut dn tebal lucuuuuu
CC001040,Positive,dark grey; nyaman bgt di pakai,dark grey nyaman banget pakai
CC001044,Positive,latte; ademmm; keren cakeupp,latte ademmm keren cakeupp
CC001046,Positive,bagus,bagus
CC001047,Positive,baguuusss; bahanya tipis ya lumayan nerawang; aku remove lagi,baguuusss baha tipis iya lumayan terawang remove
CC001050,Positive,sesuai; bagus; cukup bagus,sesuai bagus bagus
CC001103,Positive,good,good
CC001117,Positive,bagus; bagus sesuai harga,bagus bagus sesuai harga
CC001132,Positive,maroon; lembut dan tidak terlalu tipis; bagus,memaroon lembut tipis bagus
CC001135,Positive,cantikk; baguss; lembut,cantikk baguss lembut
CC001146,Positive,"tebal,sesuai harga",tebal sesuai harga
CC001149,Positive,sesuai gambar; bagus; menarik,sesuai gambar bagus tarik
CC001154,Positive,Syuka,syuka
CC001158,Positive,SLR SKYBLUE; sesuai standar sesuai harga; okee,slr skyblue sesuai standar sesuai harga okee
CC001179,Positive,pikn ukuran L,pikn ukur l
CC001184,Positive,lembut tapi tipis; sangat puas; bagus,lembut tipis puas bagus
CC001334,Positive,"bagus,tipis tpi ga nerawang",bagus tipis tpi terawang
CC001341,Positive,bagus; nyaman tidak terawang; desainnya menarik,bagus nyaman terawang desain tarik
CC001346,Positive,sangat bagus dan sesuai,bagus sesuai
CC001361,Positive,sesuai; baguss,sesuai baguss
CC001373,Positive,ekspresso; sesuai harga,ekspresso sesuai harga
CC001375,Positive,skybluelumayan; ok,skybluelumayan ok
CC001378,Positive,sesuai; bagus; menarik,sesuai bagus tarik
CC001385,Positive,"bagus banget,suka sama bajunyaa",bagus banget suka bajunyaa
CC001426,Positive,menarik sesuai gambar,tarik sesuai gambar
CC001431,Positive,sesuai; bagus; halus,sesuai bagus halus
CC001446,Positive,bagus,bagus
CC001458,Positive,maroon; ringan; bagus,memaroon ringan bagus
CC001459,Positive,maroon; ringan; bagus,memaroon ringan bagus
CC001468,Positive,Bahanya halus 😘,baha halus 😘
CC001473,Positive,sesuai; lumayan; bagus,sesuai lumayan bagus
CC001505,Positive,sesuai lah ya sama harga,sesuai iya harga
CC001522,Positive,brown & pink; tipisss,brown pink tipisss
CC001541,Positive,baju nya dtng udh ke adaan sobekk,baju nya dtng udh adaan sobekk
CC001566,Positive,bagus banget,bagus banget
CC001711,Positive,SLR ESPRESSO,slr espresso
CC001778,Positive,pink; tipis adem; bagus,pink tipis adem bagus
CC001892,Positive,bagus sukaa,bagus sukaa
CD000001,Positive,Pembelian kedua karena paksu suka ama bahan kaosnya yang nyaman saat dipakai nge gym. Banyak pilihan warna dan harganya sangat terjangkau. Makasih,beli paksu suka ama bahan kaos nyaman pakai nge gym pilih warna harga jangkau memakasih
CD000002,Positive,"Baru nyoba order, manfaatin momen harga hemat, pengiriman cepet, pengemasan standar.
Ternyata warnanya tidak sesolid di ilustrasinya, moga ga gampang luntur karena dicuci, untuk size sesuai, bahannya juga adem, ga terlalu tipis ga tebel jg, enak aja sih buat pemakaian santay.
Cek ombak dulu, klo nyaman bisa reorder.
Terima kasih",nyoba order manfaat momen harga hemat kirim cepat emas standar nyata warna solid ilustrasi moga gampang luntur cuci size sesuai bahan adem tipis tebal jg enak aja sih pakai santay cek ombak nyaman reorder terima kasih
CD000003,Positive,"Tiap mau Lebaran pasti beli kaosnya di sini, krn selain harga ny terjangkau, juga bahannya bagus, nyaman, adem, cmn yg ini lebih tebel kain nya di banding yg Lain 👍 mantap sukaLah pkknya
Recommended guys..",lebaran beli kaos krn harga ny jangkau bahan bagus nyaman adem cmn tebal kain nya banding 👍 mantap suka pkknya recommended guys
CD000004,Positive,"Kelemahannya cuma satu, Rib kerahnya gampang kendor/melar dibandingkan merek lain. Tapi untuk urusan bahan merek Manly adalah yg nomor satu dibandingkan merek lain. Jadi tolong kualitas Rib kerah nya diperbaiki.",lemah rib kerah gampang kendor melar banding merek urus bahan merek memanly nomor banding merek tolong kualitas rib kerah nya
CD000005,Positive,"Bahan baju lembut , tidak tipis dan jahitan rapi. Tapi sayang ya baju baru tidak ada ditempel label (kartu kecil yang biasa ditempel dengan plastik spesial untuk baju/ celana baru). Pengemasan rapi dan cepat sampai.",bahan baju lembut tipis jahit rapi sayang iya baju tempel label kartu tempel plastik spesial baju celana emas rapi cepat
CD000007,Positive,"Seller gercep kirim, responsif, barang berkualitas, packing aman",ller gercap kirim responsif barang kualitas packing aman
CD000013,Positive,"Bahan bagus, halus dan nyaman karena katun 100%. Jahitan juga rapi, hanya sayang QC kurang cermat sehingga saya dapat kaos ada bagian yang bahannya gak ke obras.",bahan bagus halus nyaman katun 100 jahit rapi sayang qc cermat kaos bahan obras
CD000014,Positive,"Kwalitas bahan sudah bagus dan lumayan memuaskan, 
Hanya masalah dijahitannya aja yang kurang rapi, dan finishing di ujung jahitannya jg kayak rawan, 
Semua yg sy pesan gitu, kalau yg tangannya agak gatal dan risih dengan yg gituan pasti lgsg main tarik aja tuh benangnya buat mutusin, dan bisa bikin jahitannya lepas. 
Saran buat ownernya lebih merhatiin masalah jahitannya, jgn sampe keliatan kayak pemula dan baru belajar jahit penjahitnya. Karena untuk kwalitas bahan dan lain2nya sdh bagus dan memuaskan. 
Mudah2an kedepannya kalau ngorder lg udah bagus hasilnya",kwalitas bahan bagus lumayan muas jahit aja rapi finishing ujung jahit jg kayak rawan sy pesan gitu tangan gatal risih lgsg main tarik aja benang putus bikin jahit lepas saran ownernya perhati jahit jgn sampe liat kayak ajar jahit jahit kwalitas bahan lain2nya sdh bagus muas mudah2an order lg udah bagus hasil
CD000018,Positive,"Bahan sangat nyaman,adem,halus, buat daleman gak masalah",bahan nyaman adem halus dalem
CD000019,Positive,Bagus dipegang adem. Smoga stelah dicuci tetep bagus gak molor2 ya,bagus pegang adem smoga ste cuci bagus molor2 iya
CD000020,Positive,"Paket datang agak lama. Packing rapi. Barang bagus, jahitan oke. Sayang kekecilan.",paket packing rapi barang bagus jahit oke sayang
CD000022,Positive,Bahan dingin tapi agak tebal jahitan lumayan rapi,bahan dingin tebal jahit lumayan rapi
CD000023,Positive,Pas pertama buka sya pikir kok cuttinganya kurang cocok karena terlalu panjang tpi setelah di cuci di menyusut jadi sesuai ukuran.. Warna asli lebih muda dari foto. Kalo dipegang kayak lebih lembut yg warna putih . Tapi overall bagus kok kalo nyaman dipakai di cuaca yg panas seperti sekarang insya Alloh bakal beli lagi,pas buka sya pikir cuttinganya cocok tpi sete cuci susut sesuai ukur warna asli muda foto pegang kayak lembut warna putih overall bagus nyaman pakai cuaca panas insya alloh beli
CD000026,Positive,Baju ny udh nympe. Tp bhanny beda dri yg prtma beli yg wrna htam,baju ny udh nympe tp bhanny beda dri prtma beli wrna htam
CD000027,Positive,Produk sudah di terima.  Bahannya lembut. Thx Seller..,produk terima bahan lembut thx ller
CD000030,Positive,"Nyaman dipakai, ukuran pas di saya tb 164cm & bb 57kg",nyaman pakai ukur pas tb 164cm bb 57kg
CD000031,Positive,Packing Aman. Pengiriman Cepat. Kualitas Baik. Harga Oke!,packing aman kirim cepat kualitas harga oke
CD000032,Positive,"Worth it dengan harga semurah itu dapat barang yang bagus...langsung beli 3 sekaligus.
Trimakasih untuk tokonya yang amanah.",worth it harga murah barang bagus langsung beli 3 trimakasih toko amanah
CD000034,Positive,"Untuk bahan tebal, lembut dan nyaman dipakai. Sayangya panjangya tidak sama, beda beberapa cm, sangat kentara, jadi miring sebelah dipakenya. Untuk ukuran jg, saya pesan 2 baju dg ukuran sama, yang satu pas, yang satu besar kedodoran. Untuk seller mohon diperhatikan lagi lebih detail. 

Overall, saya suka meskipun ada beberapa kekurangan.",bahan tebal lembut nyaman pakai sayangya panjangya beda cm kentara miring sebelah pake ukur jg pesan 2 baju dg ukur pas kedodoran ller mohon perhati detail overall suka
CD000036,Positive,"Bahan adem dan nyaman dipakai tidak gerah dan lembut.
Yah pakai di rumah sehari hari.oke",bahan adem nyaman pakai gerah lembut yah pakai rumah sehar oke
CD000040,Positive,Bagus bahanya di pakai juga enak,bagus baha pakai enak
CD000041,Positive,"Bagus, bahannya adem, pengirimannya cepet
Sudah beli di toko ini kesekian kali",bagus bahan adem kirim cepat beli toko sekian kali
CD000043,Positive,Pengiriman lumayan cepat dan aman. Bahannya adem. Akan tetapi ukuran 2xl nya terlalu kecil. Ini utk yg badannya kecil bgt. Krn uk lebar 57cm biasanya utk uk XL std beli sudah 110an. 2xl seharusnya 118-120an,kirim lumayan cepat aman bahan adem ukur 2xl nya badan banget krn uk lebar 57cm uk xl std beli 110an 2xl 118 120an
CD000047,Positive,"Pengiriman cepat,, dipake pas, kurang besar dikit,, warna sesuai, semoga toko makin jaya",kirim cepat pake pas dikit warna sesuai moga toko jaya
CD000048,Positive,Pesanan udah datang packing aman dan rapi bahan bagus halus adem semoga bermanfaat mkc seller mkc kurir sukses yaa 👍🙏,pesan udah packing aman rapi bahan bagus halus adem moga manfaat mkc ller mkc kurir sukses yaa 👍🙏
CD000052,Positive,"Barang sampai dgn aman
Hitamnya pekat bgt
Bahanny juga bagus
Lembut gitu
Next mw beli wrn lain",barang dgn aman hitam pekat banget bahanny bagus lembut gitu menext beli wrn
CD000053,Positive,"Barang tiba dengan selamat, packing rapi,",barang selamat packing rapi
CD000055,Positive,"Qodarullah yang ini kainnya kurang melar .
Foto setelah dicuci",qodarullah kain melar foto sete cuci
CD000056,Positive,"Packing nya baik 
Kaos nya nyaman dipakai, lembut 
Semoga bermanfaat 
Terima kasih",packing nya kaos nya nyaman pakai lembut moga manfaat terima kasih
CD000057,Positive,"Sudah langganan kalau beli kaos katun bambu dr sini. Model, warna dan ukuran sesuai pesanan. Di sini kaosnya cukup tebal, tidak menerawang, paling suka klu disetrika cpt licin, dicuci cpt kering. Kemasan standard tp aman. Tks",langgan beli kaos katun bambu dr model warna ukur sesuai pesan kaos tebal terawang suka klu setrika cpt licin cuci cpt kering kemas standard tp aman tks
CD000059,Positive,Salah order size kekecilan ternyata,salah order size nyata
CD000062,Positive,"Bahan yang hitam dan putih lebih enak (adem, lembut, elastis) dibanding warna lain, katanya sih karena proses pewarnaannya yang berbeda. Tapi sama iya sih",bahan hitam putih enak adem lembut elastis banding warna sih proses warna beda iya sih
CD000063,Positive,"Dari segi pelayanan, pengiriman bagus kak, lebih ditingkatkan dari produknya..lebih2 ke bau kaosnya",segi pelayan kirim bagus kak tingkat produk lebih2 bau kaos
CD000065,Positive,"Bahan nyaman dan tidak panas, desain polos minimalis untuk dipakai diluar ruangan tetep jos gandos. Pokoknya ga kapok beli disini",bahan nyaman panas desain polos minimalis pakai ruang jos gandos pokok kapok beli
CD000069,Positive,Kaos sdh tiba ..bahan tebal dan agak kebesaran krn dipakai buat tidur,kaos sdh bahan tebal krn pakai tidur
CD000076,Positive,"Bahan nyaman saat digunakan dan tidak menyebabkan panas, desain simpel dan jos. Pokoknya mantap",bahan nyaman panas desain simpel jos pokok mantap
CD000077,Positive,"bahan nya bagus sesuai deskripsi produk
thanks to seller semoga sering ngadain promo potongan harga biar bisa nge borong semua warna nya sukses",bahan nya bagus sesuai deskripsi produk thanks to ller moga promo potong harga biar nge borong warna nya sukses
CD000079,Positive,Bisa beli lagi ini soalnya adem.. 👍👍,beli adem 👍👍
CD000080,Positive,"Enak dipakai buat olahraga,menyerap keringat tapi tidak nyeplak keringat..Bahannya agak bau menyengat harus dicuci beberapa kali dulu mungkin...",enak pakai olahraga serap keringat nyeplak keringat bahan bau sengat cuci kali
CD000081,Positive,"kebesaran buat bb 72 tinggi 175cm padahal ukuran sama2 L, kaos yg laen yg belidisini pas; oke ga gt panas; basic t shisrt",bb 72 175cm ukur sama2 l kaos laen belidisini pas oke gt panas basic t shisrt
CD000084,Positive,"Packing rapi.
Proses packing dan pengiriman cepat.
Barang sesuai pesanan.",packing rapi proses packing kirim cepat barang sesuai pesan
CD000087,Positive,"bahan adem, ukuran pas, sesuai dengan deskripsi,
 kali kedua beli kaos ini dan rekomended",bahan adem ukur pas sesuai deskripsi kali beli kaos rekomended
CD000089,Positive,ada harga ada barang kurleb masih ok lah,harga barang kurleb ok
CD000091,Positive,"Bahan secara visual dan diraba halus dan sepertinya adem. sedikit catatan untuk size L ld kurang lebar sedikit dan panjang kaosnya lebih panjang dari yg biasa saya pakai,dibeberapa bagian benang dan obrasnya kurang rapi",bahan visual raba halus adem catat size l ld lebar kaos pakai benang obras rapi
CD000092,Positive,"Terimaksih barang sudh di terima,bintang 4 karna bawah nya kepanjangan",terimaksih barang sudh terima bintang 4 karna nya
CD000093,Positive,biasa aja; kirain adem taunya panas jga ya bahan nya; bagus,aja adem tau panas jga iya bahan nya bagus
CD000096,Positive,"Kerahnya agak longgar, gak pas di leher.",kerah longgar pas leher
CD000099,Positive,"Pesen warna nevi ko yang dateng biru ya,ini yang peking gimna",pesan warna menev ko dateng biru iya peking gimna
CD000103,Positive,"Sudah sampai
Bagus kaosnya tp ada minusnya, kerah kaos terlalu lebar jd dipakai kurang bagus menurut saya
Untuk kedepannya diperbaiki lg min
Terima kasih, Barakallah Aamiin",bagus kaos tp minus kerah kaos lebar jd pakai bagus lg min terima kasih barakallah aami
CD000104,Positive,Cocok untuk sehari hari dirumah,cocok sehar rumah
CD000109,Positive,trimakasih..,trimakasih
CD000110,Positive,nyaman; tidak tembus pandang; bahannya halus,nyaman tembus pandang bahan halus
CD000141,Positive,nyaman; katun bambu anti bakteri; kaos polos,nyaman katun bambu anti bakteri kaos polos
CD000159,Positive,Belum dicoba.,coba
CD000164,Positive,nyaman; ok; panjang bajunya kepanjangan,nyaman ok baju
CD000179,Positive,"Sayangnya dpt yg ga lulus QC, jahitan tengahnya putus di tengah, agak kecewa",sayang dpt lulus qc jahit putus kecewa
CD000216,Positive,"Bahanya adem sayangnya jahitanya kurang rapi
Dilengan kanan dan kiri",baha adem sayang jahitanya rapi leng kanan kiri
CD000227,Positive,"Polo ukuran L, kaos ukuran M malah sama besarnya
Aneh
Mau pesan buat daleman malah jdi luaran",polo ukur l kaos ukur m aneh pesan dalem jdi
CD000243,Positive,nyaman; enak dipake; menarik,nyaman enak pake tarik
CD000248,Positive,"Mantapp..ademm, recommended banget, semoga blanja lagi",memantapp ademm recommended banget moga blanja
CD000346,Positive,Sesuai pesanan,sesuai pesan
CD000349,Positive,"Bahan tebal,adem,ada harga ada rupa...semoga cukup...",bahan tebal adem harga rupa moga
CD000366,Positive,Sesuai min,sesuai min
CD000512,Positive,"Baru dipakai sekali sudah kayak kaos lama 😁
Bahannya lumayan tipis ya mungkin karena harganya terjangkau
Kalau adem iya adem
Thanks, anyway.",pakai kayak kaos 😁 bahan lumayan tipis iya harga jangkau adem iya adem thanks anyway
CD000520,Positive,"Makasih seller barang sudah sampai tapi bahannya tidak sesuai ekspektasi, aku pernah beli baju bahan katun bambu di toko lain cocok . coba beli disini beda feelnya tapi nama bahannya sama, maaf yaa",memakasih ller barang bahan sesuai ekspektas beli baju bahan katun bambu toko cocok coba beli beda feelnya nama bahan maaf yaa
CD000523,Positive,"Honestly bahannya enak adem dan menyerap keringat, cuma bahannya agak keset buat di aku yg orangnya gampang merinding dan ngilu-an 😂
Ibarat spt baju katun yg udah lama dijemur , keringgg keset crispy hehe
Tp mungkin buat org yg ga gampang ngilu-an ini sih ga akan jd masalah kok",honestly bahan enak adem serap keringat bahan keset orang gampang merinding ngilu an 😂 spt baju katun udah jemur keringgg keset crispy hehe tp org gampang ngilu an sih jd
CD000524,Positive,"Produk diterima sesuai pesanan dan deskripsi. Sudah beli katun bambu bbrp kali, bahannya halus licin mudah kering dan disetrika. Cocok utk hawa tropis. Tp ukuran sedikit kecil dr ukuran standard.Tks",produk terima sesuai pesan deskripsi beli katun bambu bbrp kali bahan halus licin mudah kering setrika cocok hawa tropis tp ukur dr ukur standard tks
CD000526,Positive,Lumayan buat dipakai sehari-hari,lumayan pakai sehar
CD000528,Positive,belum di pakai semoga nyaman ya..; bahannya katun bambu biasanya enak dan adem dipakai nya.; sesuai dengan pesanan polos biru dongker.,pakai moga nyaman iya bahan katun bambu enak adem pakai nya sesuai pesan polos biru dongker
CD000534,Positive,"Bagus, nyaman, enak dipakai. Sayangnya ada noda sedikit di bagian lengan.",bagus nyaman enak pakai sayang noda lengan
CD000538,Positive,"Terlalu panjang kebawahnya disaya, keseluruhan oke",oke
CD000547,Positive,"Tulisnya asli bamboo, lht bahannya sih bener bamboo, warna2 nya bagus tidak norak. Jahitan cukup rapi. Diterima lengkap dan sesuai pesanan. Makasih",tulis asli bamboo lht bahan sih bamboo warna2 nya bagus norak jahit rapi terima lengkap sesuai pesan memakasih
CD000548,Positive,"Bahan oke, sayang beli banyakan blm dpt discount
But its ok 
Oya yg mau pada beli gasskeun 
Btw slain yg oversize mnurut q sizenya lbih kecil dari ukuran yg lain.",bahan oke sayang beli banyakan blm dpt scount but its ok oya beli gasskeun btw slain oversize mnurut q size lbih ukur
CD000551,Positive,"Ini bagus banget but respon penjual 😔😔😔 
It's okay kaos nya nyaman lembut tebel worth it to buy, lain kali jngn bilang aku bikin pusing ya min 😞😞",bagus banget but respon jual 😔😔😔 it s okay kaos nya nyaman lembut tebal worth it to buy kali jngn bilang bikin pusing iya min 😞😞
CD000557,Positive,Bagikan penilaianmu dan bantu pengguna lain untuk memilih pilihan yang lebih baik!,nilai bantu pilih pilih
CD000561,Positive,"Efek kamera ya ini jd wrnanya gelap, bhannya adem sih klo di pke d dlm rumah . Blm tau klo di luaran",efek kamera iya jd wrnanya gelap bhan adem sih pke d dlm rumah blm tau
CD000568,Positive,"Bahan adem, nyaman, ada noda sedikit tapi gapapa",bahan adem nyaman noda gapapa
CD000569,Positive,Mkasih barang nya sudah smpe dengan aman🙏,memkasih barang nya smpe aman🙏
CD000572,Positive,"Agak kurang sih menurut aq.. Agak berat, agak susah disetrika.. Merch cons sih yg paling ok",sih aq berat susah setrika merch cons sih ok
CD000573,Positive,bahan lumayan tebal; tidak tembus pandang; jahitan rapi,bahan lumayan tebal tembus pandang jahit rapi
CD000575,Positive,Bagus. Bahan juga adem. Sesuai deskripsi seh. Lumayan lah beli d sini. Ga kecewa,bagus bahan adem sesuai deskripsi seh lumayan beli d kecewa
CD000576,Positive,lumayan bagus untuk dijadikan sebagai; kayaknya lebih kearah navy,lumayan bagus kayak arah menavy
CD000577,Positive,"Bagus banget. .kain halus adem strechy tebal juga.. nyaman dipakai,",bagus banget kain halus adem strechy tebal nyaman pakai
CD000578,Positive,Sesuai pesanan bahannya enak adem... Harganya juga murah next order lagi,sesuai pesan bahan enak adem harga murah menext order
CD000579,Positive,"nyaman, adem dipakai; cocok",nyaman adem pakai cocok
CD000580,Positive,"THANK YOU,paket tlah tiba sesuai pesanan",thank you paket tlah sesuai pesan
CD000582,Positive,bahan nya bukan katun bambu.,bahan nya katun bambu
CD000587,Positive,nyaman; lembut; klasik,nyaman lembut klasik
CD000591,Positive,Abu; Top,abu top
CD000592,Positive,Wow paketnya sdh smp tepat waktu....langsung  di serbu & pakai....suka banget kaosnya benar benar adem halus lembut & menyerap keringat....warnanya bagus bagus....cocok buat kalian yg ngak suka gerah pakai yg bahan Cotton Bambo ini spesial banget mantul poolll pokoknya......tidak diragukan lagi memang kaos manly mantap paling juaranya ...cuttingannya juga mewah jadi bisa pas di badan...tidak kalah dengan barang branded....harga terjangkau sekali....ayo gaes buruan...borong kaos di toko ini Amanah...Host & Kakak Adminnya baik & ramah..Laris Manis ya..🙏❤️,wow paket sdh smp langsung serbu pakai suka banget kaos adem halus lembut serap keringat warna bagus bagus cocok kak suka gerah pakai bahan cotton bambo spesial banget pantul poolll pokok ragu kaos memanly mantap juara cuttingannya mewah pas badan kalah barang branded harga jangkau ayo gaes buru borong kaos toko amanah host kakak admin ramah laris manis iya 🙏❤️
CD000593,Positive,"Kaosnya bagus.. Bahannya lembut tdk terlalu tipis tdk jg tebal adem dipakai, jahitan rapi ukuran pas dibadan. Puas deh next order lg",kaos bagus bahan lembut tipis jg tebal adem pakai jahit rapi ukur pas dibad puas deh menext order lg
CD000594,Positive,"Bahan ga tipis tp jg ga tebal ( pas ) 
Adem saat di gunakan, jahitan rapih  , harga murah, 
Next bakal beli warna lain.",bahan tipis tp jg tebal pas adem jahit rapih harga murah menext beli warna
CD000595,Positive,"Harga terjangkau, pengiriman cepat, bahan lembut, warna cukup pekat, bahan tebal meski warna putih masih tetep kelihatan kaos dalemnya yg kupikir bakal ga keliatan kaos dalemnya.",harga jangkau kirim cepat bahan lembut warna pekat bahan tebal warna putih lihat kaos dalem pikir liat kaos dalem
CD000596,Positive,"Alhamdulillah paket telah sampai dengan selamat pengemasan rapi dan aman dobel plastik bahan nyaman di pakai dan adem warna sangat bagus mirip dengan foto 
cocok untuk yang aktifitas padat walaupun berkeringat tapi tidak menyebabkan bau 
Terima kasih seller Shopee ekspedisi dan abang kurir",alhamdulillah paket selamat emas rapi aman dobel plastik bahan nyaman pakai adem warna bagus foto cocok aktifitas padat keringat bau terima kasih ller shopee ekspedisi abang kurir
CD000597,Positive,"Cocok juga buat clean outfit atau mau layering


jaya terus Manly terus berinovasi, berimprovisasi ya untuk menghasilkan produk-produk yang terbaik, terbagus dan ternyaman. Keep upgrade your Services, Products and Responsibility to be the better clothes production 🙏
don't forget to ask customers suggestions, critics to keep evaluate this company",cocok clean outfit layering jaya memanly inovasi improvisasi iya hasil produk produk bagus ternyaman keep upgrade your services products and responsibility to be the better clothes production 🙏 don t forget to ask customers suggestions critics to ap evaluate this company
CD000598,Positive,"KAOSNYA BETUL2 NYAMAN, DINGIN, MENYERAP KERINGAT DAN PAS DIPAKAI. Maaf caps lock jebol karena memang kaosnya berkualitas dan harganya murah. Beli di toko lain, ukuran XL di badan plus size aku, tetap sempit dan panas meski sudah dicuci.

Kaos ini pertama datang dari kurir, langsung aku coba pakai. Adeeem! 

Pengen beli lagi warna yang lain. Warna2 gonjreng.",kaos betul2 nyaman dingin serap keringat pas pakai maaf caps lock jebol kaos kualitas harga murah beli toko ukur xl badan plus size sempit panas cuci kaos kurir langsung coba pakai adeeem en beli warna warna2 gonjreng
CD000600,Positive,"Wajar sih banyak yang checkout. Memang produknya sebagus ini. Coba cek satu dulu untuk lihat bahannya, ternyata beneran bagus poolll 🤩 Suami saya suka. Next mau beli lagi🥰. Ini baju katun bambu pertama suami saya dengan harga yang sangat terjangkau. sukses terus untuk tokonya 🤲",wajar sih checkout produk bagus coba cek lihat bahan nyata bagus poolll 🤩 suami suka menext beli lagi🥰 baju katun bambu suami harga jangkau sukses toko 🤲
CD000602,Positive,Enakeun banget kaosnya adem nyaman juga tidak mengecil atau membesar. Di pake buat sehari2 atau tidur apalagi enakeun!!! Okeh,enakeun banget kaos adem nyaman pake hari2 tidur enakeun okeh
CD000605,Positive,"Akirnya ketemu dg produk yg diinginkan, bahan tebal lembut halus jahitan rapi pas di badan. InsyaAllah next order lagi warna lain. Thank seller, thank kurir  ⭐⭐⭐⭐⭐ untuk kalian",akirnya temu dg produk bahan tebal lembut halus jahit rapi pas badan insyaal menext order warna thank ller thank kurir ⭐⭐⭐⭐⭐
CD000606,Positive,"tolong ada variasi warna lain dong, spt yg soft warna warni...thx",tolong variasi warna spt soft warna warni thx
CD000607,Positive,"Terimakasih barang sudah sampai, order kesekian kalinya karena pas banget di badan dan nyerap keringat, kaos aku dan suami semua beli disini, semoga awet",terimakasih barang order sekian kali pas banget badan serap keringat kaos suami beli moga awet
CD000609,Positive,"Paket diterima dalam keadaan baik dan aman. Kualitas kuas bagus, adem dipake dan halus dan tebal bahannya. Harga murah. Terbaik banget siy. Semoga kualitas sesuai harga. Pengemasan dan pengiriman tepat waktu.",paket terima adaan aman kualitas kuas bagus adem pake halus tebal bahan harga murah banget siy moga kualitas sesuai harga emas kirim
CD000610,Positive,"Beli untuk yang kedua kalinya. Suka sama katun bambu karena sudah nge test sendiri dipakai 3 hari tanpa dicuci kaosnya tidak bau apek, tidak bau penguk, tidak bau keringat. Memang sebagus itu kaosnya. Joss tenan✌️👍",beli kali suka katun bambu nge test pakai 3 cuci kaos bau apek bau kuk bau keringat bagus kaos joss tenan✌️👍
CD000611,Positive,"Lebih tebal dan lebih dingin juga lebih lentur drpada yg combed 30. 
Krena lentur jadi gampang rapi juga.
Terimakasih ya .
Utk BB 50 kg, saran ambil Uk. L",tebal dingin lentur drpada combed 30 krena lentur gampang rapi terimakasih iya bb 50 kg saran ambil uk l
CD000612,Positive,"Maaf baru sempet kasih nilai. Barang sampai sesuai pesanan, tdk ada cacat fisik/rusak/bolong, ukuran pas, pengiriman lumayan cepat, bahan ga kaya kaos murahan, oke lah pokoknya",maaf sempet kasih nilai barang sesuai pesan cacat fisik rusak bolong ukur pas kirim lumayan cepat bahan kaya kaos murah oke pokok
CD000614,Positive,"Pembelian ke 4 , sekali beli langsung 3pcs total sudah 12pcs cocok karena harga relatif murah enak dipakai lembut adem kl malam ga dingin tinggi 168cm BB 68kg pas pake uk L",beli 4 beli langsung 3pcs total 12pcs cocok harga relatif murah enak pakai lembut adem kl malam dingin 168cm bb 68kg pas pake uk l
CD000615,Positive,Kaosnya bagus enak dipakai tidak gerah.,kaos bagus enak pakai gerah
CD000616,Positive,"Fittingnya sangat pas dibadan saya dg tb:174 bb:58,
Yang saya seneng ukuran panjangnya lebih panjang dari cutting produk2 lain. Jadi tidak cingkrang.
Thx manly sukses selalu",fittingnya pas dibad dg tb 174 bb 58 neng ukur cutting produk2 cingkrang thx memanly sukses
CD000617,Positive,"Lembut ENYOY banget ges suer deh. Bahannya tuh halus juga ga ada jahitan yg keluar.

Saran saya sebelum pilih ukuran ukur Lingkar Dada dulu soalnya kalo pakai ukuran yg tepat rasanya lebih enak 👍

Pokoknya cutting nya rapih ✅
Bahannya ENYOY ✅
HARGANYA MURAH ✅
Pilihan warna banyak ✅
Sellernya ramah + goyang terus 😂 ✅",lembut enyoy banget ges suar deh bahan halus jahit saran pilih ukur ukur lingkar dada pakai ukur enak 👍 pokok cutting nya rapih ✅ bahan enyoy ✅ harga murah ✅ pilih warna ✅ sellernya ramah goyang 😂 ✅
CD000620,Positive,"Sumpah, baru kali ini nemu kaos polos yang bener-bener “polos” tapi berkelas! 💯
Bahannya adem banget, dipakai jalan nyaman, dipakai nongkrong auto ganteng, dipakai tidur aja kayak model tidur 🤣. Jahitannya rapi, bahannya dingin ngalahin AC kamar gue, warnanya juga solid. ⭐⭐⭐⭐⭐

Udah follow IG & Shopee @manlycloth.co dong pastinya, karena baju sebagus ini tuh sayang banget kalau gak di-support! Semoga bisa dapet giveaway-nya, biar koleksi kaos kece gue makin banyak 😎🙏🏻. Pengirimannya juga cepet!

Pokoknya #ManlyclothTheBest lah, fix jadi langganan gue! 🔥🔥🔥",sumpah kali nemu kaos polos “polos” kelas 💯 bahan adem banget pakai jalan nyaman pakai tongkrong auto ganteng pakai tidur aja kayak model tidur 🤣 jahit rapi bahan dingin ngalahin ac kamar gue warna solid ⭐⭐⭐⭐⭐ udah follow ig shopee manlycloth co baju bagus sayang banget support moga giveaway nya biar koleksi kaos kece gue 😎🙏🏻 kirim cepat pokok fix langgan gue 🔥🔥🔥
CD000621,Positive,"Kaosnya bagus, adem, warna sesuai deskripsi, pesanan sesuai. Ukuran standar normal. Harga dan promo mantab. Respon toko cepat. Sippp! (Di video pakai L, BB 69, TB 173).",kaos bagus adem warna sesuai deskripsi pesan sesuai ukur standar normal harga promo memantab respon toko cepat sippp video pakai l bb 69 tb 173
CD000623,Positive,"Terimakasih min barangku sudah sampai suka bgt ngga nyangka bajunya bakalan sebagus ini, alhamdulilah kemarin dapet harga promo cumn bayar 15rbn aja ngga nyesel belinya. Nanti mau order lagi bagus soalnya",terimakasih min barang suka banget sangka baju bagus alhamdul kemarin harga promo cumn bayar 15rbn aja sesal beli order bagus
CD000625,Positive,"Anak saya bb 60 tb 173. Agak longgar, mau pesan lagi yg M supaya lebih body fit. Bahan adem nyaman",anak bb 60 tb 173 longgar pesan m body fit bahan adem nyaman
CD000626,Positive,"Toko Gercep.. Amanah dan tanggung jawab bgt
Makasih kk
Sukses cara dagangnya 
Adakan yg Vnec .. Kk
Katan bambunya bagus bgt 
Tebal tdk nerawang
Combed 30 nya jg bagus",toko gercap amanah tanggung banget memakasih kk sukses dagang adakan vnec kk katan bambu bagus banget tebal terawang combed 30 nya jg bagus
CD000628,Positive,Cuting bagus. Jahitan juga rapi. Bahan enak nyaman,cuting bagus jahit rapi bahan enak nyaman
CD000629,Positive,"sangat nyaman saat di pakai, bahannya halus, dingin saat dipakai dan  juga tebal bajunya tidak menerawang; sangat bagus dan jahitan nya rapi; nyaman dan tidak bikin gerah",nyaman pakai bahan halus dingin pakai tebal baju terawang bagus jahit nya rapi nyaman bikin gerah
CD000633,Positive,"bahan adem dan tidak nerawang, panjangnya beda-beda, size S semua.
jahitan bagus, tapi perlu ditingkatkan lagi kualitasnya.
👍🏻",bahan adem terawang beda beda size s jahit bagus tingkat kualitas 👍🏻
CD000634,Positive,"Adem, enak dipake ,nyaman, pas bgt buat daleman atau buat sante2 sehari hari
Sengaja beli M sama L ternyata aku bb 56 lebih nyaman pake yg size L",adem enak pake nyaman pas banget dalem sante2 sehar sengaja beli m l nyata bb 56 nyaman pake size l
CD000640,Positive,"Bahan bagus, diluas expetasi, nyaman saat dipakai dan 100% ori katun, serius in keren sih, kualitas premium dengan harga terjangkau, next order lagi",bahan bagus luas expetas nyaman pakai 100 ori katun serius in keren sih kualitas premium harga jangkau menext order
CD000641,Positive,"Masyallah. Bener bener baguss banget kaosnya. 
Di luar ekspektasiku. Ternyata di pakai nyaman, adem, Lembut, Tebel. 
Ini kaos seperti brand2 merk mall di luar sana. 
Harga sangat murah tp kualitas topp 👍
Trimakasih seler.
Trimakasih jg pak kurir",masyallah baguss banget kaos ekspektas nyata pakai nyaman adem lembut tebal kaos brand2 memerk mall harga murah tp kualitas topp 👍 trimakasih selar trimakasih jg kurir
CD000642,Positive,"Bahannya Adem, lembut dan nyaman..
Udah order yg ke 2 kali bajunya oke dan harga nya juga oke...",bahan adem lembut nyaman udah order 2 kali baju oke harga nya oke
CD000644,Positive,"Kaosnya tebal, kualitas premium, harga ramah dikantong, warna bagus dan variasi yang cantik, rekomen banget..",kaos tebal kualitas premium harga ramah kantong warna bagus variasi cantik rekomen banget
CD000645,Positive,Barangnya cepat sekali sampenya...lebih cepat sampe dari pesanan yang sebelumnya...Alhamdulillah suami dan anak2 pada suka mulai dari bahan sampe desainnya semua suka...makasih seller...ku tunggu pesanan yang sebelumnya kok belum tiba ya...?,barang cepat sampenya cepat sampe pesan alhamdulillah suami anak2 suka bahan sampe desain suka memakasih ller ku tunggu pesan iya
CD000646,Positive,"Look-nya Cakep, nyaman dipake....karena itu, aku beli lagi. 
Rencananya,mau koleksi all colours.
Tapi....aku hanyalah manusia fana yg cuma bisa berencana, karena... hanya Tuhan yg menentukan.
Trims seller 🙏",look nya cakep nyaman pake beli rencana koleksi all colours manusia fana rencana tuhan trims ller 🙏
CD000647,Positive,Ini pertama kalinya aku order ya dan kualitasnya itu bagus banget loh kalau desainnya sih umum ya kaos pada umumnya cuman dia bahannya itu adem ya halus terus dia tuh melar pokoknya nyaman banget deh suka suka-suka harganya juga murah loh...,kali order iya kualitas bagus banget loh desain sih iya kaos cuman bahan adem iya halus melar pokok nyaman banget deh suka suka suka harga murah loh
CD000651,Positive,"bagus banget bahannya tebel jahitan rapi dan kuat nyaman dipakai; hijau TNI, M sesuai pesanan ukurannya pas banget di badan saya.lain kali mau co lagi",bagus banget bahan tebal jahit rapi kuat nyaman pakai hijau tni m sesuai pesan ukur pas banget badan kali co
CD000653,Positive,"Sesuai pesanan dan warnanya juga ok
Bahan adem",sesuai pesan warna ok bahan adem
CD000654,Positive,MasyaAllah bgs banget kaosnya. Sangat rekomen bgt. Adem n nyaman. Suami suka. Trima kasih yaa... Semoga tambah laris jualannya... Klo ada rejeki InsyaAllah beli lg,memasyaal bgs banget kaos rekomen banget adem n nyaman suami suka trima kasih yaa moga laris jual rejeki insyaal beli lg
CD000656,Positive,"Adminnya sangat fast respon dan baik, admin live nya juga baik dan bagus dalam memberi saran mengenail ukuran baju",admin fast respon adm live nya bagus saran mengenail ukur baju
CD000657,Positive,Untuk harga segini kualitas melebihi ekspektasi ya bener bener adem dan kena keringat ngga bau,harga segin kualitas ekspektas iya adem kena keringat bau
CD000659,Positive,"Produk nya sesuai dengan deskripsi, bahannya sangat bagus dan pas ukurannya adem di pakai",produk nya sesuai deskripsi bahan bagus pas ukur adem pakai
CD000660,Positive,"Beli di toko yang sama dengan ukuran yang sama, entah kenapa, untuk yg biru dongker ini lebih besar jauh dari warna kuning yang saya beli.",beli toko ukur biru dongker warna kuning beli
CD000665,Positive,"Bajunya sudah sampai & lengkap sesuai pesanan. Next order lagi insyaAllah. Thanks seller, thanks abang kurir, thanks juga Shopee, sukses selalu & tetap amanah😊",baju lengkap sesuai pesan menext order insyaal thanks ller thanks abang kurir thanks shopee sukses amanah😊
CD000666,Positive,"Baku kaos ini bagus, bahannya lembut dan sejuk, pas ukuran dan desainnya gak jadul.. bisa dipakai kasual atau santai",baku kaos bagus bahan lembut sejuk pas ukur desain jadul pakai kasual santai
CD000667,Positive,"Pembelian kedua. Dapat warna kuning. Cerah beud, warna kuningnya. Bahan kaosnya tetap dingin, menyerap keringat dan pas di badan. Bisa langsung dipakai, tanpa dicuci dulu. Gak krenyep ke kulit",beli warna kuning cerah beud warna kuning bahan kaos dingin serap keringat pas badan langsung pakai cuci krenyep kulit
CD000668,Positive,"Pokoknya bagus banget, sama sekali ga nerawang dan walaupun tebel, dia tetep adem dan lembut. 100% bakal beli lg disini",pokok bagus banget terawang tebal adem lembut 100 beli lg
CD000671,Positive,"Sempet ragu mau co, tp stlh liat reviewnya pd bilang kain adem, jd ahirnya co jg. Aku pilih size 2xl utk bb 80kg biar keliatan sopan ngga terlalu press body",mpet ragu co tp stlh liat reviewnya pd bilang kain adem jd ahirnya co jg pilih size 2xl bb 80kg biar liat sopan press body
CD000673,Positive,Keliatan baju mahal pdhl cmn 40rban,liat baju mahal pdhl cmn 40rban
CD000674,Positive,"Kaos sudah sampai dengan selamat dan sesuai, bahannya tebal tapi nyaman digunakan, semoga anti bacterianya bener jadi ga cepet bau 😁",kaos selamat sesuai bahan tebal nyaman moga anti bacterianya cepat bau 😁
CD000676,Positive,"Bahan lebih tebal dari 30s tapi semua enak kayanya disini, tb173 bb64 pake L yaa lebih gombrang yang jelas saya suka semua kaos disini",bahan tebal 30s enak kaya tb173 bb64 pake l yaa gombrang suka kaos
CD000682,Positive,"Good, bahan oke banget halus, warna juga oke buat cowok deepblue",good bahan oke banget halus warna oke cowok deepblue
CD000683,Positive,TIDAK PERNAH MENGECEWAKAN,kecewa
CD000685,Positive,Alhamdulillah barang tiba dengan selamat. Packaging aman. Barangnya oke walau harga murah. Pas utk suamiku yg BB nya 78kg. Udah ke 2x pesan disini ga pernah kecewa. Thanks seller semoga selalu amanah,alhamdulillah barang selamat packaging aman barang oke harga murah pas suami bb nya 78kg udah 2x pesan kecewa thanks ller moga amanah
CD000689,Positive,nyaman dipake dan adem serta lembut; bagus dan pas sama badan; ga terlalu tipis dan ga terlalu tebal. kualitasnya bagus dengan harga yang relatif murah,nyaman pake adem lembut bagus pas badan tipis tebal kualitas bagus harga relatif murah
CD000690,Positive,Kaosnya bagus bahannya adem banget halus sip mantap makasi ya kak,kaos bagus bahan adem banget halus sip mantap makas iya kak
CD000691,Positive,"Brg udh sy trm kak, maaf br ksh ulasan, td br sibuk, udh dicb pas, bahannya adem juga, tks kak, sukses buat tokonya, lain kl ambil warna yg lain",brg udh sy trm kak maaf br ksh ulas td br sibuk udh dicb pas bahan adem tks kak sukses toko kl ambil warna
CD000695,Positive,"Bahannya nyaman banget, gak tebel, adem dan lembut. Potongannya pas, oke, jahitan rapi, harga oke. 
Super cepet ini nyampenya. Thx",bahan nyaman banget tebal adem lembut potong pas oke jahit rapi harga oke super cepat nyampenya thx
CD000696,Positive,Kaosnya bagus bahannya adem banget halus sip mantap makasi ya kak,kaos bagus bahan adem banget halus sip mantap makas iya kak
CD000699,Positive,"Packing aman,bagus kain nya warna juga sesuai gambar ,cerah bagus di padan kan dengan celana warna coklat atau abu² ukuran pas nggak ketat nyaman ukuran XL untuk suami ku yg TB 170cm, BB 72kg. Pengiriman nggak lama termasuk secepat loh makasih udah takut datang barang nya telat mau dipakai ternyata lebih cepat dari estimasi makasih",packing aman bagus kain nya warna sesuai gambar cerah bagus padan celana warna coklat abu² ukur pas ketat nyaman ukur xl suami ku tb 170cm bb 72kg kirim masuk cepat loh memakasih udah takut barang nya telat pakai nyata cepat estimasi memakasih
CD000700,Positive,"Worth it dengan harga yang dijual. Dengan tinggi 170cm dan berat 77kg, saya ordernya size XL, lumayan pas dibadan. Seller juga sangat baik dalam membantu untuk memilih size dan menjelaskan deskripsi bajunya.",worth it harga jual 170cm berat 77kg order size xl lumayan pas dibad ller bantu pilih size deskripsi baju
CD000703,Positive,Bahan tidak membuat gerah pada cuaca panas. Bisa menyerap keringat tanpa menimbulkan bau apek.,bahan gerah cuaca panas serap keringat timbul bau apek
CD000704,Positive,"Beneran ga panas, bahan bagus bgt, bs buat pengganti daleman ini.. Lembut, tebal, tidak nerawang, tidak panas..",panas bahan bagus banget bs ganti dalem lembut tebal terawang panas
CD000706,Positive,"Ini bahan nya bagus banget manteppp, ketebalan kaos 24s emang paling cocok buat bahan katun bambu karenaaa 30s pastinya lebih tipis dari ini, dan kita juga gamau rugi dooong MASA BAJU BAHAN BAGUS MAKE BENTAR UDAH ROBEK ya kann

 dah gitu aja lah, kalian ga usah repot"" liat review lagi kalo kata aku mah CHECKOUT AJA GASSS!! Dijamin ga nyesel
Ini kalo aku menang giveaway nya gausah kirim shopeepay min, baju katunbambuu XL nya aja satu, karena emang secinta itu",bahan nya bagus banget manteppp tebal kaos 24s emang cocok bahan katun bambu karenaaa 30s tipis gamau rugi dooong baju bahan bagus memake bentar udah robek iya kann dah gitu aja repot liat review mah checkout aja gasss jamin sesal menang giveaway nya gausah kirim shopeepay min baju katunbambuu xl nya aja emang cinta
CD000707,Positive,Rekomen banget. Belinya musti lebih dari 1 dan Warna maroon wajib dibeli!! Cakeeep 😍,rekomen banget beli musti 1 warna memaroon wajib beli cakeeep 😍
CD000708,Positive,"Aaaaa bagus banget, suka ma bahannya, beneran adem nyaman dipakai",aaaaa bagus banget suka ma bahan adem nyaman pakai
CD000710,Positive,"Baju yang cocok untuk di rumah, pergi2, santai.
Bahannya kain tebal tapi adem. Sudah beli 6 baju di sini, dan utk kado teman juga. 
Cocok dan packingnya aman , cepat sampainya.
Makasih banyak kak. Tetap sukses & amanah ya kak.",baju cocok rumah pergi2 santai bahan kain tebal adem beli 6 baju kado teman cocok packing aman cepat memakasih kak sukses amanah iya kak
CD000716,Positive,"Beli kaos untuk disablon langsung kirim ke costumer jadi tidak ada foto kaosnya yg dibeli. Packing baik pakai bubble wrap, pengiriman sesuai dengan estimasi, terimakasih untuk seller dan Abang kurir sukses selalu.",beli kaos sablon langsung kirim costumer foto kaos beli packing pakai bubble wrap kirim sesuai estimasi terimakasih ller abang kurir sukses
CD000718,Positive,"Bagus top bintang lima ⭐
Sudah sy buktikan sendiri sy pakai 3 hari berturut-turut tanpa dicuci tidak bau apek, penguk, kecut. 

Produknya sesuai dengan deskripsi. Kerenlah pokoknya. Mantep banget. Nanti mau beli lagi 🤘👍",bagus top bintang ⭐ sy bukti sy pakai 3 cuci bau apek kuk kecut produk sesuai deskripsi keren pokok mantap banget beli 🤘👍
CD000719,Positive,"Kaos nya bagus, adem nyaman dipakai. Besok mau beli lagi warna lain. Pengemasan cepat, pengiriman cepat, packing aman. Pokoknya puas belanja ditoko ini",kaos nya bagus adem nyaman pakai besok beli warna emas cepat kirim cepat packing aman pokok puas belanja toko
CD000721,Positive,"Warna nya menarik, kaos nya lumayan panjang. Bahan lumayan enak",warna nya tarik kaos nya lumayan bahan lumayan enak
CD000722,Positive,ukuran nya pass banget; bahan dingin gak panas nyaman banget dipakai; design potongan bajunya bagus pas di badan,ukur nya pass banget bahan dingin panas nyaman banget pakai design potong baju bagus pas badan
CD000723,Positive,"Pas semua
Harga dibanding produk -> pas
Ukuran yg saya mau -> pas
Rekomended",pas harga banding produk pas ukur pas rekomended
CD000725,Positive,intinya ga rugi siii harga segitu worth it bangetttt pokoknya ga nyesel deh belinya trust me weeellll❤️❤️❤️,inti rugi siii harga gitu worth it bangetttt pokok sesal deh beli trust me weeellll❤️❤️❤️
CD000727,Positive,"Paket datang  dlm kondisi bungkus paket terkoyak/bolong sampe dlm paket. 


Alhamdullilah isi paket aman  ga ikut sobek.",paket dlm kondisi bungkus paket koyak bolong sampe dlm paket alhamdullilah isi paket aman sobek
CD000728,Positive,"packing bagus, pengiriman cepat. kaus terasa nyaman saat dipakai. cocok untuk remaja yg banyak berkegiatan di luar ruangan. semoga anak sy suka.
In Syaa Allah langganan.",packing bagus kirim cepat kaus asa nyaman pakai cocok remaja giat ruang moga anak sy suka in syaa allah langgan
CD000732,Positive,"Awal cuma beli 1 buat coba-coba, kedua kalinya langsung beli 3, artinya apa bang messi? Ini artinya kaosss ini bener-bener nyaman buat di pakee hariannya, apalagi yg cotton bamboo ini mantappp dahhh pokoknya, jangan ragu jangan bimbingan, dari sekian banyaknya merk kaos polos, ini yg paling bagussss bangg.",beli 1 coba coba kali langsung beli 3 arti bang messi arti kaosss nyaman pakee cotton bamboo memantappp dahhh pokok ragu bimbing sekian memerk kaos polos bagussss bangg
CD000736,Positive,bagus bagusnya silahkan dibeli gesss cakepppolll,bagus bagus silah beli gesss cakepppolll
CD000737,Positive,Barang diterima dengan baik bagus juga bajunya sesuai yang diinginkan bahan halus lumayan tebal harga juga sangat terjangkau menurut saya memuaskan pokoknya... jangan ragu belanja disini...next time bakalan order lagi saya👍🏻👍🏻👍🏻,barang terima bagus baju sesuai bahan halus lumayan tebal harga jangkau muas pokok ragu belanja menext time order saya👍🏻👍🏻👍🏻
CD000740,Positive,"Alhamdulillah 
Barang pesanan kulo sampun sampai dengan Aman dan 
Semoga Manfaat dan Barakah serta awet dipakai",alhamdulillah barang pesan kulo sampun aman moga manfaat bara awet pakai
CD000743,Positive,"Barang datang dalam keadaan baik. Sesuai pesanan.24Snya tebal halus nyaman dipakai tidak bikin gerah..mantab👍🏻 jaitan juga rapi. Sesuai dengan diskripsi produk. 
Saya bb 45 tb 155 pakai size S pas nyaman.size sdikit lebih besar dari yang variasi cotton combed 30S.
Buat yang nyari baju harian santai bahan bagus, recommended banget ini.. terimakasih seller, shoope,kurir.",barang adaan sesuai pesan 24snya tebal halus nyaman pakai bikin gerah mantab👍🏻 jait rapi sesuai skripsi produk bb 45 tb 155 pakai size s pas nyaman size sdikit variasi cotton combed 30s sari baju santai bahan bagus recommended banget terimakasih ller shoope kurir
CD000744,Positive,"Beli langsung 11 potong bagus banget bahan nya adeeeem.... tipis tp ga nerawang, keliatan premium.. cuttingan bagus jahitan rapi. Seseneng itu dapet kaos buat anak n suami yg kulitnya pada sensitif krn keringet juga banyak. ♡",beli langsung 11 potong bagus banget bahan nya adeeeem tipis tp terawang liat premium cutting bagus jahit rapi seseneng kaos anak n suami kulit sensitif krn ringet ♡
CD000745,Positive,"Kualitas nya bagus bahan nya juga enak di pake pokoknya nya puas jangan ragu untuk belanja di toko ini ,Nex order lagi.. 
Mudah"" Give Away nya bener ran Rezki saya",kualitas nya bagus bahan nya enak pake pokok nya puas ragu belanja toko nex order mudah give away nya ran rezki
CD000747,Positive,"Udah dua kali beli di sini, ga mengecewakan, pas beli pertama itu beli buat dipakai ke jogja, langsung jatuh cinta sm bahannya, untuk harga yg murce tp kualitasnya bagus
Cuttingannya jg rapi, dan yg paling penting pas dipake tuh adem bgt, ga bikin gerah, ga kaku juga 
Makanya langsung repeat order deh wkwk
Ini juga pengirimannya cepet bgt, abis co lngsung dikemas dan dikirim, ga nyampe nunggu lama gitu
Bakal jadi langganan sih ini 😍❤️‍🔥",udah kali beli kecewa pas beli beli pakai jogja langsung jatuh cinta sm bahan harga memurce tp kualitas bagus cutting jg rapi pas pake adem banget bikin gerah kaku langsung repeat order deh wkwk kirim cepat banget abis co lngsung kemas kirim sampe tunggu gitu langgan sih 😍❤️‍🔥
CD000750,Positive,Mantapss bahan kaosnya bukan kaleng kaleng adem banget dan kaya ringan gitu enak sih lumayan untuk aktivitas sehari hari mah,mantapss bahan kaos kaleng kaleng adem banget kaya ringan gitu enak sih lumayan aktivitas sehar mah
CD000752,Positive,"Bagus warnanya kalem, katun bambu tuh awet bgt trs nyaman gak gerah dipakai, nyerap keringat dan cot kering.",bagus warna kalem katun bambu awet banget trs nyaman gerah pakai serap keringat cot kering
CD000753,Positive,Beli kaos disini kesekian kalinya saking nyaman nya dipake lembut adem nyerep keringat enak banget pokoknya harga affordable makasih seller,beli kaos sekian kali saking nyaman nya pake lembut adem serap keringat enak banget pokok harga affordable memakasih ller
CD000754,Positive,Sangat worthit untuk harga segitu,worthit harga gitu
CD000755,Positive,"Terima kasih reseller barang sudah sampai dengan baik dan aman sesuai pesanan.
Bajunya bagus bahannya adem banget.
Kurirnya juga ramah",terima kasih reseller barang aman sesuai pesan baju bagus bahan adem banget kurir ramah
CD000756,Positive,"Bahan bajunya bagus, tebal, menyerap keringat.. Benar² premium dengan harga murah.. Terima kasih..",bahan baju bagus tebal serap keringat benar² premium harga murah terima kasih
CD000757,Positive,"Aku udah langganan di sini klao caton bambbu sama kaos kerah sangat rekomen sekali, gk tau kalo jenis lain👍",udah langgan klao caton bambbu kaos kerah rekomen tau jenis lain👍
CD000758,Positive,"Sudah langganan beli disini, kaosnya adem enak dipakai menyerap keringat, bahan kain nya halus ,,, enak markotop",langgan beli kaos adem enak pakai serap keringat bahan kain nya halus enak memarkotop
CD000762,Positive,"Pesenan sudah sampai
Pengiriman cepat
Packing aman
Harga murce
Bahan lembuttt
Semoga nyerep keringat
Thkass shope , seller dan abang kurirr 👍👍👍👍👍👍⭐⭐⭐⭐⭐⭐⭐",pesan kirim cepat packing aman harga memurce bahan lembuttt moga serap keringat thkass shope ller abang kurirr 👍👍👍👍👍👍⭐⭐⭐⭐⭐⭐⭐
CD000763,Positive,Bahannya sesuai deskripsi.. rekomendasi buat yg lagi cari kaos..tokonya amanah.. mantap,bahan sesuai deskripsi rekomendasi cari kaos toko amanah mantap
CD000764,Positive,"Jahit n obrasan rapi bagus, bahannya lembut nyaman dipakai. Thanks min
Next bakalan order lagi. Puas dg  barangnya",jahit n obras rapi bagus bahan lembut nyaman pakai thanks min menext order puas dg barang
CD000769,Positive,"Pertama kali belanja diolshop ini, semoga TShirt anti bakteri ini bisa mengatasai efek keringat berlebih, terimakasih..😊🙏",kali belanja diolshop moga tshirt anti bakteri mengatasai efek keringat terimakasih 😊🙏
CD000772,Positive,"Bahan tebal tidak kaku,dan adem...makasih",bahan tebal kaku adem memakasih
CD000773,Positive,"Pas untuk tinggi 180cm berat 81kg
Trimakasih cepat banget pengirimannya
Kaosnya nyaman",pas 180cm berat 81kg trimakasih cepat banget kirim kaos nyaman
CD000774,Positive,"Diterima dengan selamat berfungsi sebagaimana mestinya ,bahan lembut nyaman dipake gak gerah ,gak nyangka hrg segini dapat kenyamanan spt ini,tolong tambah plihan warnanya",terima selamat fungsi mesti bahan lembut nyaman pake gerah sangka hrg segin nyaman spt tolong plihan warna
CD000775,Positive,"Pembelian pertama aku kasih surprise ke suami dan ternyata suka,yg skrg pembelian ke 2x nya permintaan dia sendiri karna katanya bagus baju nya nyaman dipake sampe borong 3 baju katanya buat lebaran pake kaos ini aja soalnya bagus dan adem bahan nya.mungkin next dia minta warna lain lagi wkwk..thank u❣️",beli kasih surprise suami nyata suka skrg beli 2x nya karna bagus baju nya nyaman pake sampe borong 3 baju lebaran pake kaos aja bagus adem bahan nya menext warna wkwk thank u❣️
CD000777,Positive,Kesekian kalinya beli baju disini emang sebagus itu...terimakasih seller,sekian kali beli baju emang bagus terimakasih ller
CD000781,Positive,Alhamdulillah sudah sampai kain nya bagus adem cocok buat hari2,alhamdulillah kain nya bagus adem cocok hari2
CD000783,Positive,"produk diterima dengan baik, bahan adem untuk sehari hari",produk terima bahan adem sehar
CD000785,Positive,"Sudah pernah ada yg meng-infokan katun bambu. katanya nyaman dan enak di pakai.
Ternyata bener... nyaman & enak di pakai. Saya belum coba pakai di kondisi terik matarahi langsung, semoga tidak gerah & bisa menyerap keringat.
Harga nya masih terjangkau untuk kaos-kaps harian.
Sipppp... bisa di pesan lagi nih hahahahaha
•
Pelayanan di live sangat responsif, pertama tanya takut tidak di respond tp di jawab dengan baik. Kereenn",meng info katun bambu nyaman enak pakai nyata nyaman enak pakai coba pakai kondisi terik matarahi langsung moga gerah serap keringat harga nya jangkau kaos kaps sipppp pesan hahahahaha • pelayan live responsif takut respond tp kereenn
CD000786,Positive,"pembelian pertama langsung co 3 warna, dan sesuai ekspektasi🫱🏻‍🫲🏼🫱🏻‍🫲🏼 awalnya sempet ragu pas baca ulasan bintang rendah, tp ga seberapa sama rating bintang tinggi nya, dan ternyata pas nyampe ini beneran bagus, nyaman, pas, jahitannya rapi banget, pertama kali punya baju bahannya katun bambu gini terasa banget sih perbedaannya, kain lumayan tebel kok untuk ukuran 24s (kirain bakal yg tipis bgt karna serat bambu kan katanya gabisa dibikin terlalu tebal gitu ya) tp justru inituh bikin adem, ngga gerah samsek‼️cuma bagian kerahnya itu emang agak lentur gitu ya, bukan yang kaku. tp gapapa lah karna baju polos gini cuma aku pake daily di rumah dan palingan buat inner kemeja gt dan kerahnya ketutupan jilbab jadi aman aja👍🏼👍🏼 baru kali ini sih ngasi ulasan sepanjang ini wkwkw biasanya rate bintang doang terus udah, tinggal. tp buat menyangkal ulasan ulasan buruk itu aku yakin banyak yang ngga sependapat juga, buktinya repurchase berkali kali
sukses terus manlycloth‼️💙",beli langsung co 3 warna sesuai ekspektasi🫱🏻‍🫲🏼🫱🏻‍🫲🏼 mpet ragu pas baca ulas bintang rendah tp rating bintang nya nyata pas sampe bagus nyaman pas jahit rapi banget kali baju bahan katun bambu asa banget sih beda kain lumayan tebal ukur 24s tipis banget karna serat bambu gabisa bikin tebal gitu iya tp inituh bikin adem gerah samsek‼️cuma kerah emang lentur gitu iya kaku tp gapapa karna baju polos pake daily rumah inner kemeja gt kerah tutup jilbab aman aja👍🏼👍🏼 kali sih asi ulas wkwkw rate bintang doang udah tinggal tp sangkal ulas ulas buruk bukti repurchase kali kali sukses manlycloth‼️💙
CD000789,Positive,baju nya the best dari kaos lain .. lebih ada sirkus udaranya bagus lah pokoknya nanti Order lagi pokoknya .. kalo bisa Promo flash sale,baju nya the best kaos sirkus udara bagus pokok order pokok promo flash sale
CD000791,Positive,"Kaosnya bagus banget ya gas ya 
Adem banget bahannya 
Real cotton 24s
Ukuran pas ya ges ya",kaos bagus banget iya gas iya adem banget bahan real cotton 24s ukur pas iya ges iya
CD000794,Positive,Biasa pakai produk ini soalnya ukuran utk saya yg cukup kecil kurus itu pas,pakai produk ukur kurus pas
CD000795,Positive,Suka kaos manly memang tiada duanya tidak kalah dengan kaos brand ...boleh dibuktikan sendiri...sudah langganan sampai semua saudara pada pakai karena cocok dengan bahannya & pas di kantong juga...ayo Kak jangan ragu langsung aja belanja di sini pasti akan puas ...barangnya tidak diragukan lagi ...adem halus & nyaman dipakainya...mantap pokoknya👍👍👍,suka kaos memanly tiada kalah kaos brand bukti langgan saudara pakai cocok bahan pas kantong ayo kak ragu langsung aja belanja puas barang ragu adem halus nyaman paka mantap pokoknya👍👍👍
CD000798,Positive,"Terimakasih paketnya sudah diterima, semuanya sesuai pesanan, rekomendasi belanja disini penjual respon nya cepat, sat set sat set
Sukses terus mantap👍👍👍👍👍",terimakasih paket terima sesuai pesan rekomendasi belanja jual respon nya cepat sat set sat set sukses mantap👍👍👍👍👍
CD000799,Positive,"Rekomendasi seller ukuran M tp lebih pas ukuran L, next time order lagi pertama kali beli tidak mengecewakan. 
Lancar terus buat toko dan brand nya agar selalu menghadirkan baju terjangkau kualitas premium. 
Yuk gaes support produk lokal, InsyaAllah ga kalah saing dengan produk luar",rekomendasi ller ukur m tp pas ukur l menext time order kali beli kecewa lancar toko brand nya hadir baju jangkau kualitas premium ayo gaes support produk lokal insyaal kalah saing produk
CD000801,Positive,"Iya bener, kaos katun bambu yang ini beneran lebih tebal padahal cuma beda beberapa ribu sama katun bambu yang aku beli sebelum nya di toko sebelah",iya kaos katun bambu tebal beda ribu katun bambu beli nya toko sebelah
CD000802,Positive,bahan nyaman dan adem; enak dan menyesuaikan; rapi dan menarik,bahan nyaman adem enak sesuai rapi tarik
CD000807,Positive,"Bagus buat pakai sehari-hari krn nyaman, lembut, ukuran sesuai, mo beli warna lain",bagus pakai sehar krn nyaman lembut ukur sesuai beli warna
CD000808,Positive,"Kainnya lembut, affordable price..
Untuk harga segini, kualitas bahan dan jahitannya oke banget.

Terima kasih,
Sukses selalu seller",kain lembut affordable price harga segin kualitas bahan jahit oke banget terima kasih sukses ller
CD000810,Positive,Kaosnya bagus. Warna royal denim. Jahitan rapi,kaos bagus warna royal denim jahit rapi
CD000811,Positive,"Order ke 9 kalinyaa
Admin fast respon 
Kain yang berkualitas..
Jangan ragu order di toko ini
Sangat amanah dan terjangkau 
Terimakasih manlycloth.co",order 9 kalinyaa adm fast respon kain kualitas ragu order toko amanah jangkau terimakasih memanlycloth co
CD000812,Positive,Barang sudah datang dengan selamat makasih ya seller semoga awet dan tahan lama,barang selamat memakasih iya ller moga awet tahan
CD000813,Positive,"Kaosnya nyaman banget, bahannya beneran adem gak bikin gerah, cocok buat sehari hari maupun buat jalan. Recommended banget untuk harga dibawah 50rb, next mau beli lagi warna yang lain",kaos nyaman banget bahan adem bikin gerah cocok sehar jalan recommended banget harga 50rb menext beli warna
CD000814,Positive,Wow Emang mantul banget sih ini sudah ke 5 kalinya saya beli di Manlycloth nggak pernah mengecewakan harganya juga bersahabat Langsung cekout lagi hehehe.,wow emang pantul banget sih 5 kali beli memanlycloth kecewa harga sahabat langsung cekout hehehe
CD000816,Positive,Gak tau sudah berapa banyak beli di toko ini,tau beli toko
CD000818,Positive,"Sesuai pesanan barang bagus kualitas bagus, rekomended sekali",sesuai pesan barang bagus kualitas bagus rekomended
CD000819,Positive,Pengiriman cepat dan packing aman👌🏻 Alhamdulillah ukuran'y pas🤩 Harga terjangkau dan baju'y lumayan bagus😉👍🏻 Terima kasih banyak🙏🏻,kirim cepat packing aman👌🏻 alhamdulillah ukur iya pas🤩 harga jangkau baju iya lumayan bagus😉👍🏻 terima kasih banyak🙏🏻
CD000821,Positive,"sangat nyaman dipakai, adem, melebihi ekspektasi; jahitan rapi, halus, konsisten seperti yg pembelian pertama; simpel polos well",nyaman pakai adem ekspektas jahit rapi halus konsisten beli simpel polos well
CD000822,Positive,"Belanja kaos murah di shopee baru ini yg benar-benar istimewa ⭐⭐⭐⭐⭐, bukan ketebalan bahan tp kaos ini mementingkan kenyamanan bagi para pemakai, halus, lembut, gk bridil, desain fit, rapi polll .. buktikan sendiri, Recommended 👍",belanja kaos murah shopee istimewa ⭐⭐⭐⭐⭐ tebal bahan tp kaos nyaman pakai halus lembut bridil desain fit rapi polll bukti recommended 👍
CD000825,Positive,"Repeat order, item diterima dlm keadaan baik, salah1 bj kaus fav buat sehari2, nyaman dipakai, rekomen ya..",repeat order item terima dlm adaan salah1 bj kaus fav hari2 nyaman pakai rekomen iya
CD000827,Positive,"Buat paksu, udah beli sebelumnya, enak dipake, beli lg di sini, top bgt produknya 👍🏻",paksu udah beli enak pake beli lg top banget produk 👍🏻
CD000828,Positive,"Proses pengiriman barang cepat, produk sesuai.
Overall bajunya bagus, adem dan nyaman di badan, worth to buy. Thank you.",proses kirim barang cepat produk sesuai overall baju bagus adem nyaman badan worth to buy thank you
CD000829,Positive,"Cocok, sesuai pesanan, baik jumlah, warna ataupun variannya, bahan cukup tebal dan halus, semoga setelah berkeringat bahannya bisa menyerap keringan dan tetep adem, mansyaff",cocok sesuai pesan warna varian bahan tebal halus moga sete keringat bahan serap kering adem mansyaff
CD000831,Positive,Buasa pakai L cuma uk L kebawahnya terlalu panjang jadi pilih M namun Uk me lebarnya terlalu kecil sehingga sekali pakai di bagain lengan kain sudah sedikit sobek. Brart badan 67 kg tinggi 165 cm,buasa pakai l uk l pilih m uk me lebar pakai bagain lengan kain sobek brart badan 67 kg 165 cm
CD000832,Positive,nyaman; katun adem; standar kaos,nyaman katun adem standar kaos
CD000835,Positive,Biasa pakai kaos uk. L.. utk uk. L kaos ini bagian bawah/pinggulnya krg lebar 1-2 cm..,pakai kaos uk l uk l kaos pinggul krg lebar 1 2 cm
CD000840,Positive,"Bahan adem , tidak nerawang , pas di badan 
Worth it banget buat harga segitu
Next bakal order lagi dehh
Pengiriman juga cepet bgt !!
Thanks buat seller dan jasa kirimmm :))",bahan adem terawang pas badan worth it banget harga gitu menext order dehh kirim cepat banget thanks ller jasa kirimmm
CD000842,Positive,Tks seller sdh diterima pengiriman cepat mau tny bahannya koq lebih enak yang hitam kebih lembut tp ok sih,tks ller sdh terima kirim cepat tny bahan koq enak hitam kebih lembut tp ok sih
CD000843,Positive,"pesanannya sampai dengan selamat, sesuai dengan keterangan dan gambar, pengemasan rapih dan aman, pengiriman cepat, terimakasih seller.",pesan selamat sesuai terang gambar emas rapih aman kirim cepat terimakasih ller
CD000845,Positive,"Sangat bagus sekali. Bahan 24s benar-benar tebal tapi adem mak nyes saat dipakai. Bahan halus dan juga lembut. Cocok dipakai untuk harian maupun hangout.

Cuman sayang minusnya ukuran tidak sesuai deskripsi. Panjang baju saya ukur 73 cm. Padahal di deskripsi 70 cm. Jadinya saat dipakai kepanjangan. 

Seandainya panjangnya 70 cm sesuai deskripsi bakal saya kasih bintang 10 🤙👍",bagus bahan 24s tebal adem mak nyes pakai bahan halus lembut cocok pakai hangout cuman sayang minus ukur sesuai deskripsi baju ukur 73 cm deskripsi 70 cm pakai 70 cm sesuai deskripsi kasih bintang 10 🤙👍
CD000850,Positive,"Pertama beli , sebagus ini, puasa , kaos nya bagus harganya terjangkau, next order lagi d sini, makasih seller",beli bagus puasa kaos nya bagus harga jangkau menext order d memakasih ller
CD000852,Positive,"Baju bagus , kain lembut dan nyaman",baju bagus kain lembut nyaman
CD000854,Positive,"bakal jadi langganan lagi sih ini sepertinya,dengan harga segini sih ini menang banyakk
goodlah buat ownernya sukses selalu",langgan sih harga segin sih menang banyakk goodlah owner sukses
CD000857,Positive,"Bb 50.bahan adem,bagus,mau beli warna yang lain lagi.bahan nyerah keringat,pokoknya bagus banget,suka.bahan ga akan kecewa.suka banget,suka.makasih ya toko",bb 50 bahan adem bagus beli warna bahan serah keringat pokok bagus banget suka bahan kecewa suka banget suka memakasih iya toko
CD000858,Positive,"XL pas dong buat tb 178 bb 60, 24s lebih rapat dan lebih elastis dari 30s, tapi semuanya nyamaan",xl pas tb 178 bb 60 24s rapat elastis 30s
CD000859,Positive,Kaos ini cocok banget untuk aku yang terbiasa beraktifitas sehari haridengam kaos,kaos cocok banget beraktifitas sehar haridengam kaos
CD000860,Positive,"Udh 3x beli kaos buat suami disini. Kaosnya adem. Ok murah meriah. Pengiriman juga cepat. Kualitasnya bagus sesuai dgn harganya. 
Warna marun aslinya lebih gelap cakep bgt pokoknya. Ini karna di video pake lampu jadi terlihat terang. Tapi aslinya lebih cakep warnanya gelap . Thx seller",udh 3x beli kaos suami kaos adem ok murah meriah kirim cepat kualitas bagus sesuai dgn harga warna parun asli gelap cakep banget pokok karna video pake lampu lihat terang asli cakep warna gelap thx ller
CD000863,Positive,"Sesuai, cocok dgn XL.
Semoga tdk bau keringat",sesuai cocok dgn xl moga bau keringat
CD000868,Positive,"bagus kaosnya..nyaman,adem,ga gatel..sesuai harga dan ada kualitas..selalu cocom beli ditoko ini",bagus kaos nyaman adem gatal sesuai harga kualitas cocom beli toko
CD000869,Positive,gak nyangka klo kaosnya sebagus ini 😁,sangka kaos bagus 😁
CD000872,Positive,Buat daily cocok bahannya adem katun,daily cocok bahan adem katun
CD000880,Positive,"Terimakasih paketnya sudah diterima, semuanya sesuai pesanan, rekomendasi belanja disini penjual respon nya cepat, sat set sat set
Sukses terus mantap👍👍👍👍👍",terimakasih paket terima sesuai pesan rekomendasi belanja jual respon nya cepat sat set sat set sukses memantap👍👍👍👍👍
CD000882,Positive,"Warnanya sesuai dengan produk, bahan tidak panas saat dipakai dan nyaman dipakai seharian, pengiriman jg cepat, terimakasih",warna sesuai produk bahan panas pakai nyaman pakai kirim jg cepat terimakasih
CD000885,Positive,"Pengemasan dan pengiriman cepet. Packagingnya standar tp aman. Untum barangnya sih oke ya warna nya sedikit lebih gelap dr gambar. Bahan nya sih adem. Cuma ky nya kalo udh di cuci apalagi pake mesin, bahannya bakal melar deh.",emas kirim cepat packagingnya standar tp aman untum barang sih oke iya warna nya gelap dr gambar bahan nya sih adem ky nya udh cuci pake mesin bahan melar deh
AA000513,Negative,"Jaitan nya bolong bagian pundak😭
Nyesel beli disini,",jait nya bolong pundak😭 sesal beli
AA000514,Negative,"Jahitan nya kurang rapih 
Trus gak di obras jdi CPT sobek 
Nyesel beli banyak jahitan jg g rapih",jahit nya rapih trus obras jdi cpt sobek sesal beli jahit jg rapih
AG000505,Negative,Untuk baju tidur harga segitu bukan yg murah bngt tapi jahitan nya ga rapih dan banyak benang yg belum di gunting,baju tidur harga gitu murah bngt jahit nya rapih benang gunting
AG000532,Negative,"Bahan nya agak beda dengan yg hitam, celana nya sampe susah dipake kalo tali nya tetap diluar, smpai salah satu masuk baru celana bisa dpake.
Dan baju nya baru dpake udah...",bahan nya beda hitam celana nya sampe susah pake tali nya smpai salah masuk celana dpake baju nya dpake udah
AH000533,Negative,produk nya tipis banget,produk nya tipis banget
BB000531,Negative,Noda jelas tetap dikirim sama saja kirim barang riject,noda kirim kirim barang riject
BB000537,Negative,"Mohon maaf yaa min, maaf sekali, tp ini saya beli, dan saya hrs jujur, ini kualitas nya jauh bgt sama harga nya min, harus nya ini barang ga segini harga nya, di live kat...",mohon maaf yaa min maaf tp beli hrs jujur kualitas nya banget harga nya min nya barang segin harga nya live kat
BD000505,Negative,"bahan tipis bangat, sangat tipis. model jaring-jaring tembus pandang.",bahan tipis bangat tipis model jaring jaring tembus pandang
BH000521,Negative,"Bajunya tipis sekali kayak baju serba 35 RB😭😭 yg dikasih warna taro bukan wrna milo, sebab baju digambar tidak sesuai ekspektasi beda warnanya, sangat kecewa kak😭 saya...",baju tipis kayak baju serba 35 rb😭😭 kasih warna taro wrna milo baju gambar sesuai ekspektas beda warna kecewa kak😭
BH000573,Negative,"Wajar cuma 50rb an jd tipis dan jahitan ga rapih haha
Itu promo dr tiktok semisal harga normal begini mnrt ku ga sesuai🙏
L nya jg kecil mf ya ka biasanya suami ukuran L...",wajar 50rb an jd tipis jahit rapih haha promo dr tiktok harga normal mnrt ku sesuai🙏 l nya jg mf iya ka suami ukur l
BK000511,Negative,"Biar bintang yg berbicara, kecewa",biar bintang bicara kecewa
BK000558,Negative,Barang robek di kirim💩,barang robek kirim💩
BM000366,Negative,Bahan jelek nyesel gak lagi  blnja di toko ini,bahan jelek sesal blnja toko
BR000517,Negative,"ada beberapa yang bolong yaa, lain kali dicek lagi kak.. masa iya pake baju bolong",bolong yaa kali dicek kak iya pake baju bolong
BS000591,Negative,Kenapa dikirim barang robek kayak gini yaa? Saya minta kirim ulang,kirim barang robek kayak yaa kirim ulang
BS000593,Negative,"tolong di cek ulang kalo packing barang. pdahal biasanya ga ada cacat samsek klo beli dsini. ini baru nyadar pas nyobain trnyata bagian dada ada bolong segitu,tipe baju m...",tolong cek ulang packing barang pdahal cacat samsak beli dsini sadar pas nyobain trnyata dada bolong gitu tipe baju m
BU000522,Negative,kecewa bgt sumpah padahal udah bereksepasti tinggi bahanya oke tapi pelayanannya begitu banget,kecewa banget sumpah udah bereksepasti baha oke pelayanannya banget
BX000515,Negative,KENAPA LAH KALAU KIRIM BARANG GA DI CEK DULU LAYAK DI KIRIM APA ENGGA SAMPE ADA BOLONG BAJU NYA 😑 PADAHAL BAHAN SUDAH BAGUS 😏,kirim barang cek layak kirim sampe bolong baju nya 😑 bahan bagus 😏
BY000511,Negative,baju nya ada yang sobek,baju nya sobek
C000024,Negative,"bahannya beda jauh sama yang charcoal dan oatmeal, ntah beda warna beda bahan atau emang kualitasnya aja yang diturunin",bahan beda charcoal oatmeal mentah beda warna beda bahan emang kualitas aja turun
C000032,Negative,"Adm , uda barang rusak di kirm, pengembalian dana pun cukup lama",adm uda barang rusak kirm dana
CA000860,Negative,"Baju ok nyaman di Pakek adem
Cuman, pas di pakek 1x jahitan di bagian ketiak lepas jadi lubang",baju ok nyaman pakek adem cuman pas pakek 1x jahit ketiak lepas lubang
CA000865,Negative,"Parah bangat dikirim barang cacat semua, mentang mentang beli pake vocer diskon
Gk lagi lagi belanja di toko ini",parah bangat kirim barang cacat mentang mentang beli pake vocer diskon belanja toko
CA000906,Negative,Kependekan,pende
CA000946,Negative,"Dari semua pengalaman belanja online, ini yg paling mengecewakan. Penjual ngirim barangnya mesti nunggu 3 hari dulu, btw di hari ke 3 penjual ngirim barang itu setelah saya mengajukan pembatalan dan di tolak. 

Habis ini masalah di kurir lagi, paketku biasanya paling cepet itu 3 hari paling lama 7 hari lah ini mangkrak, ujung2nya saya inisiatif ambil sendiri di kantor ekspedisinya, udah gitu pas unboxing udah jadi sarang semut aja ini baju (di gambar kurang keliatan krna refleks langsung ku bersihin dlu)",alam belanja online kecewa jual kirim barang mesti tunggu 3 btw 3 jual kirim barang sete aju batal tolak habis kurir paket cepat 3 7 mangkrak ujung2nya inisiatif ambil kantor ekspedisi udah gitu pas unboxing udah sarang semut aja baju gambar liat krna refleks langsung ku bersih dlu
CC001945,Negative,"ini gimana ya ko bis lepas gitu si, kan jadinya ga ke pake 😔😔",gimana iya ko bis lepas gitu si pake 😔😔
CC001948,Negative,"Barang blom siap pakai, jahitan banyak yang lepas, banyak benang semrawut, benang masih pada panjang, aduh GK GK lagi beli di tokok ini",barang blom pakai jahit lepas benang semrawut benang aduh beli tokok
CC001949,Negative,"Jahitan nya gak sesuai sama yg di foto gak rekomendasi bgt buat belanja ni di toko pikir"" dulu sebelum di beli daripada menyesal kem saya",jahit nya sesuai foto rekomendasi banget belanja toko pikir beli sesal kem
CC001952,Negative,Aduh bisa lihat sendiri deh barangnya kayak mana udahlah kainnya nggak kayak pakai baru koyak lagi udahlah cukup sekali ini aja nggak sesuai sama gambar,aduh lihat deh barang kayak udahlah kain kayak pakai koyak udah aja sesuai gambar
CC001953,Negative,Radak kecewa sama baju nya pdahal aku suka sama baju nya tpi gara² lengan nya ad yg sobek radak nyes bgtt💔💔,radak kecewa baju nya pdahal suka baju nya tpi gara² lengan nya ad sobek radak ses bgtt💔💔
CC001963,Negative,Jujur bahannya jelek bgt tipis jahitan amburadul aku pernah beli harga nya sama di os lain bahannya lebih bagus dri ini jadi nyesel beli,jujur bahan jelek banget tipis jahit amburadul beli harga nya os bahan bagus dri sesal beli
CC001977,Negative,Baju nya sobek bagian lengan dan bawa bahu,baju nya sobek lengan bawa bahu
CC002099,Negative,Gk rapi yg sesuai,rapi sesuai
CC002109,Negative,"bagus sih cuma jahitan nya banyak yang rusak padahal baru sampe, tolong di teliti ya",bagus sih jahit nya rusak sampe tolong teliti iya
CC002153,Negative,gimana si di foto ada tali nya pas dateng gak ada,gimana si foto tali nya pas dateng
CC002309,Negative,"warna sama ukuran si sesuai ya tapi ko bentuknya lurus gitu bagian bawahnya, ga kayaa yang di foto udah gitu buat ngaitin tali yang di belakanganya cuma satu, kecewasi jauh dari ekspektasi yang kaya di foto",warna ukur si sesuai iya ko bentuk lurus gitu kayaa foto udah gitu kait tali belakanganya kecewasi ekspektas kaya foto
CC002311,Negative,"Desain nya bagus, kualitas bahan sesuai harga, tapi kurangnya cuman dijahitan, kalo jahitan nya rapi ini bisa sekelas harga mahal si ini, kalo jahitannya seperti ini, pas dipake bisa koyak si🙂🙏 untuk ukuran berat badan nya 50-60 XL si yang cocok",desain nya bagus kualitas bahan sesuai harga cuman jahit jahit nya rapi kelas harga mahal si jahit pas pake koyak si🙂🙏 ukur berat badan nya 50 60 xl si cocok
CC002317,Negative,Tipisss tpi agak sejuk jahitannya kurang tapi masi ada yg ga kejahit,tipisss tpi sejuk jahit pasi jahit
CC002318,Negative,"tolong donk admin,bungkus paket nya agak di tebal in,kalo kaya gitu banya kemungkinan robek saat di buka,mna baju nya tipis juga.",tolong donk adm bungkus paket nya tebal in kaya gitu banya robek buka mna baju nya tipis
CC002329,Negative,"kecewa deh pdhal udh nunggu ini baju, trnyata bahan nya tipis bgttt, manaan robek lagi di bagian ketek nya sama buat tali nya itu putus. akhirnya ga kepake 👎🏻",kecewa deh pdhal udh tunggu baju trnyata bahan nya tipis bgttt robek ketek nya tali nya putus kepake 👎🏻
CC002413,Negative,pink.; tipis; sama harga,pink tipis harga
CC002427,Negative,"lain kali itu jaitan nya harus rapih benang² nya harus dibuang buangin, jahitannya harus kuat, blm dipake lobang buat masukin talinya udah copot gmna si, trs itu knp lobang kancingnya ga dibuka semua",kali jait nya rapih benang² nya buang buang jahit kuat blm pake lobang masuk tali udah copot gmna si trs knp lobang kancing buka
CD001921,Negative,Sayang sekali barang yg dikirim defect. Aku ga ngerti kenapa barang kaya gini lolos sortir dan sampai ke tangan tamu. Pertama kali beli dan kecewa.,sayang barang kirim defect ngerti barang kaya lolos sortir tangan tamu kali beli kecewa
CD001931,Negative,review jujur. baju cacat kok dijual ga guna ga bakal beli lagi sangat kecewa,review jujur baju cacat jual beli kecewa
CD001933,Negative,"Bahannya jelek, kaku dan ngga nyaman, jahitannya juga ngga rapih",bahan jelek kaku nyaman jahit rapih
CD001944,Negative,"Untuk kualitas oke, tapi pesan 2 ukurannya sama² s tapi panjangnya kok beda ya",kualitas oke pesan 2 ukur sama² s beda iya
CD001946,Negative,Tapi gatau worth it atau ngga krna kainnya lumayan tipis,gatau worth it krna kain lumayan tipis
CD001953,Negative,"Belum sempat dipakai, baru dicuci sekali saja jahitannya langsung sobek. Kualitas sangat mengecewakan, padahal belum digunakan sama sekali. Bahan memang terasa adem, tapi tidak sebanding dengan jahitannya yang sangat rapuh. Tidak sesuai ekspektasi dan tidak layak beli.",pakai cuci jahit langsung sobek kualitas kecewa bahan asa adem banding jahit rapuh sesuai ekspektas layak beli
CD001974,Negative,"Produknya bagus tapi sayangnya pelayanannya buruk. Sebelumnya saya pernah beli warna Denim (di foto iklannya varian warna denim itu warna biru gelap hampir seperti biru Dongker). Tapi ketika datang kaosnya warna biru cerah, saya lihat2 kok seperti kaos varian warna ocean blue. Akhirnya saya coba cari tahu ketika toko sedang live, saya minta supaya ditampilkan kaos bambu varian denim dan varian ocean blue. Tapi lucunya orangnya bilang gak ada stoknya. Terlihat kurang profesional sekali, padahal jika kaosnya mmg produksi sendiri apa susahnya sih mengorbankan 1 kaos pada setiap varian warna untuk dijadikan contoh ketika sesi live. Dan bbrp minggu kemudian dikesempatan sesi live lainnya saya coba minta bandingkan kembali dan mereka pun tetep bilang gak ada contoh barangnya. Karena penasaran, saya coba beli warna ocean blue. Ternyata pas datang warnanya sama persis dengan varian warna denim!!
Akhirnya saya Refund.
Kecewa banget,
Karena ternyata toko Manly ini kalo ada varian warna yg kosong maka akan dikirimkan varian warna lain yg warnanya mirip.
Sungguh tidak amanah.
Padahal produk kalian bagus.
Tapi pelayanannya kurang profesional dan tidak amanah.",produk bagus sayang pelayan buruk beli warna denim foto iklan varian warna denim warna biru gelap biru dongker kaos warna biru cerah lihat2 kaos varian warna ocean blue coba cari toko live tampil kaos bambu varian denim varian ocean blue lucu orang bilang stok lihat profesional kaos mmg produksi susah sih korban 1 kaos varian warna contoh sesi live bbrp minggu sesi live coba banding bilang contoh barang penasaran coba beli warna ocean blue nyata pas warna persis varian warna denim refund kecewa banget nyata toko memanly varian warna kosong kirim varian warna warna sungguh amanah produk bagus pelayan profesional amanah
CD001976,Negative,"Paket sampai dgn utuh tanpa kekurangan/kerusakan apapun.
Proses kemas kirim dari seller cepat.
Kualitas produk agak tipis seperti cotton 30s padahal seharusnya 24s lebih tebal.
Variasi produk beraneka ragam.
Pengemasan aman & rapi.
Seller responsif dan amanah.
Very recommended seller.",paket dgn utuh rusa proses kemas kirim ller cepat kualitas produk tipis cotton 30s 24s tebal variasi produk aneka ragam emas aman rapi ller responsif amanah very recommended ller
CD001987,Negative,"Awalnya amaze karena bahan lembut beda dr bahan cotton biasanya, pas di pakai jg adem di kulit, tapi setelah pemakaian 1 hari kain-nya ada bolong kecil² di area jahitan bagian ketiak (foto no. 4 & 5), kualitas kain seperti gampang sobek dan rapuh, lumayan mengecewakan, mending naikin harga asal kualitas di tingkatkan, dari pada jual barang murah tp kualitas sangat di bawah standard..",amaze bahan lembut beda dr bahan cotton pas pakai jg adem kulit sete pakai 1 kain nya bolong kecil² area jahit ketiak foto no 4 5 kualitas kain gampang sobek rapuh lumayan kecewa mending harga kualitas tingkat jual barang murah tp kualitas standard
CD001989,Negative,"Paket sampai dgn utuh tanpa kekurangan/kerusakan apapun.
Pembelian kesekian kalinya & udah langganan.
Proses kemas kirim dari seller cepat.
Kualitas produk sesuai dengan deskripsi & foto.
Pengemasan sangat aman & rapi.
Variasi produk beragam & lengkap.
Harga terjangkau.
Kekurangannya untuk di bagian kerah gampang melar. 
Seller responsif dan amanah.
Very recommended seller.
Repeat order selalu memuaskan.",paket dgn utuh rusa beli sekian kali udah langgan proses kemas kirim ller cepat kualitas produk sesuai deskripsi foto emas aman rapi variasi produk agam lengkap harga jangkau kerah gampang melar ller responsif amanah very recommended ller repeat order muas
CD001992,Negative,"ini kok di kirim yg ada bolongnya ya, aku beli blum lama tpi baru ku buka, eh malah ada bolongnya, gmna ya ini beli warna abu di kirim warna khaki mana ukurannya yg gede banget, kalo yg 2 aku beli si udh bagus bagus",kirim bolong iya beli blum tpi ku buka eh bolong gmna iya beli warna abu kirim warna khaki ukur gede banget 2 beli si udh bagus bagus
CD001993,Negative,"Untuk bahan sebenarnya enak halus, tapi belum tau saat digunakan panas atau gak",bahan enak halus tau panas
CD002024,Negative,"baru 2 kali pakai udah ada bolong dibagian ketiak, keduanya pulaa",2 kali pakai udah bolong ketiak pulaa
CE000993,Negative,"seller pembohong barang datang ga sesuai sm foto produk, kualitas kain buruk, kualitas sablon buruk. menyesal beli disini. jgn ada lagi yg beli",ller bohong barang sesuai sm foto produk kualitas kain buruk kualitas sablon buruk sesal beli jgn beli
CE001061,Negative,gni bnr jaitan ny,gni bnr jait ny
CE001186,Negative,Tidak sesuai sekali di foto kalau tidak ada ukuran di XL gausah di modif” baju kalau rapih boleh lah ini kagak rapih gua bakar baju ini🔥,sesuai foto ukur xl gausah modif” baju rapih kagak rapih gue bakar baju ini🔥
CE001524,Negative,"buruk bgt ga sesuai iklan, kaya barang pasarrrrr, jgn beli disini gais",buruk banget sesuai iklan kaya barang pasarrrrr jgn beli gais
CE001583,Negative,silahkan nilai sendiri,silah nilai
CE001590,Negative,Jaitan nya ga rapih....ampir di semua bagian,jait nya rapih ampir
CE001664,Negative,Kualitas buruk,kualitas buruk
CE001685,Negative,"Kecewa banget,yang sampai baju nya ga ada yang sama kayak di foto produk, ekspektasi kayak di foto produk tapi yang datang malah baju jelek ga sesuai foto produk:(
kain nya juga tipis banget bukan 28s,yang kain 28s cuma yang warna kuning,4baju lain tipis banget.
Dhlh sesuai harga juga murah wkwk
Buat admin tolong kasi foto produk sesuai yang di kirim,jangan kasi foto produk bagus ,tapi yang datang baju ga sesuai foto produk hahah!",kecewa banget baju nya kayak foto produk ekspektas kayak foto produk baju jelek sesuai foto produk kain nya tipis banget 28s kain 28s warna kuning 4baju tipis banget dhlh sesuai harga murah wkwk adm tolong kasi foto produk sesuai kirim kasi foto produk bagus baju sesuai foto produk hahah
CE001708,Negative,sablon tidak menempel pada kaos; sesuai; sip,sablon tempel kaos sesuai sip
CE001718,Negative,Bahan baju partai sama baju olah raga hahahaha kocak kecewa gw panas nya bukan maen ini,bahan baju partai baju olah raga hahahaha kocak kecewa gue panas nya maen
CE001849,Negative,"Dari harga 100 dapet 4 menurut saya ya ada harga ada kualitas, tapi yang di beli 3 sablon murahan 1 nya baju rusak sobek pada bagian lengan kanan.",harga 100 4 iya harga kualitas beli 3 sablon murah 1 nya baju rusak sobek lengan kanan
CE001879,Negative,tidk sesuai yang di iklan; tipis,tidk sesuai iklan tipis
CG001009,Negative,gerah kaos apa saringan tipis bener; tipissss bgt kaya saringan tahu,gerah kaos saring tipis tipissss banget kaya saring
CH000692,Negative,"Tipis dan nerawang . Leher nya terlalu besar 
Dan jahitan tidak rapii",tipis terawang leher nya jahit rapii
CH000704,Negative,XL tapi kecil.... Hadeuh...... Kek mana lah ini ni.... Nyesel bah beli kaos ini😑,xl hadeuh kek sesal bah beli kaos ini😑
CH000716,Negative,"ngapaa malah kaos kyk ginii, the lion king apaan mlah kek bocill, lengket juga ni baju😠",ngapaa kaos kyk the lion king mam kek bocill lengket baju😠
CH000717,Negative,"tipis parah!!!!!!!!!; sesuai; sangat tidak sesuai , pesan hitam datang putih",tipis parah sesuai sesuai pesan hitam putih
CH001178,Negative,kurang menutup; kurang bagus yg sampai tidak sesuai dengan kebutuhan,tutup bagus sesuai butuh
CH001317,Negative,kain yang tipis nerawang; motip sesuai gambar yang di ingin kan; sesuai,kain tipis terawang motip sesuai gambar sesuai
CH001326,Negative,"Bahan: tipis
Desain motif: tidak sesuai dengan gambar 
Warna: tidak sesuai dengan gambar",bahan tipis desain motif sesuai gambar warna sesuai gambar
CH001448,Negative,☹️😔Ada noda nya,☹️😔ada noda nya
CH001561,Negative,"pudar; sablonan kurang bagus..bahan tipiss nerawang jga, jahitan ngerut",pudar sablon bagus bahan tipiss terawang jga jahit ngerut
CJ001007,Negative,"mana banyak noda
tu baju baru apa abis dari kandang sih",noda baju abis kandang sih
CJ001008,Negative,"PO nya lumayan lamaa, tapi barang ga sesuai ekspektasi",po nya lumayan lamaa barang sesuai ekspektas
CJ001009,Negative,faakkk bgttt buat toko ini udama pengiriman lama bgttttttttt mau di batalin gabisa udama lama gue nunggu nya eh dateng dateng baju nya soek sobek di palebah kelek nya hadeuuhhhhhh jaba gede lg sobeknya gmn ini gais jgn pd BELI DITOKO INI YA.,faakkk bgttt toko udama kirim bgttttttttt batal gabisa udama gue tunggu nya eh dateng dateng baju nya soak sobek palebah kelek nya hadeuuhhhhhh jaba gede lg sobek gmn gais jgn pd beli toko iya
CJ001016,Negative,warnanya jelek bngt hitamnya,warna jelek bngt hitam
CJ001078,Negative,baju e bagus tapi banyak noda😔,baju e bagus noda😔
CJ001098,Negative,Barang rusak,barang rusak
CJ001138,Negative,"udah po lumayan lama ya tapi pas dateng kancing bju nya ga ada satu, dan jahit kancing baju nya juga ga rapih jadi gampang copot.",udah po lumayan iya pas dateng kancing bju nya jahit kancing baju nya rapih gampang copot
CK003747,Negative,Gak nyangka kalo barang yg di jual gak pakek qc dulu,sangka barang jual pakek qc
CK003763,Negative,Kok tega ngasih yg kyk gini. Yg dikirim Kyk baju yg udah dipake sampe bolong² dan berbulu gitu ya allah.😭😭😭😭 kapok aku belanja dsini,tega asih kyk kirim kyk baju udah pake sampe bolong² bulu gitu iya allah 😭😭😭😭 kapok belanja dsini
CK003958,Negative,bhn tipis nerawang lagi.. katanya nabil series . minta wrna nevy . dksih nya putih . haduhhh,bhn tipis terawang nabil rias wrna menevy dksih nya putih haduhhh
CK003972,Negative,Premium GK kaleng2,premium kaleng2
CK003973,Negative,Tidak sesuai deskripsi,sesuai deskripsi
CK004108,Negative,"Paket celananya sdh sampe.. liat kwalitas bahannya jd pengen ketawa.. kebayang klo pk celana ini gk boleh didepan lampu bisa terbaca isi nya 🙈😃😃😃 waktu dilive kayanya bagus.. 
Tx shopee dan pak kurir",paket celana sdh sampe liat kwalitas bahan jd en ketawa bayang pk celana didepan lampu baca isi nya 🙈😃😃😃 dilive kaya bagus tx shopee kurir
CK004128,Negative,"Kirain rijek nya satu,, ini sich parah bngt..mn di bagian kerah,,klo misal di Bwah msh di maklumi",rijek nya sich parah bngt mn kerah bwah msh maklum
CL000999,Negative,"Kukira sesuai foto nyata nya sangat beda menyesal syekali
Saya minta ukuran XL mlah di kasih xxl",sesuai foto nyata nya beda sesal syekali ukur xl mam kasih xxl
CL001002,Negative,"navi; jersey; tidak sesuai di deskripsi, bahan panas sumuk. tidak amanah tokonya",navi jersey sesuai deskripsi bahan panas sumuk amanah toko
CL001018,Negative,dikira bahan kaos.. sdh dtng tidak relfick kereta🥲,bahan kaos sdh dtng relfick kereta🥲
CL001084,Negative,"baru nyadar abis d cuci,, ternyata bolong jg, 
Gk amanah bgt sihh,, bahan ny bukan rayon, bolong pula.
Y walaupun murah cuma 25 rb,, tpi kualitas harus ny gk murahan jg dong.",sadar abis d cuci nyata bolong jg amanah banget sihh bahan ny rayon bolong iya murah 25 rb tpi kualitas ny murah jg
CL001108,Negative,gak sesuai. jahitan bawah nya gak di jahit.; kurang,sesuai jahit nya jahit
CL001402,Negative,cerah; biyasahhh  panas; ngk nyaman. tolong lebih teliti lagi. masak brng sobek D kirim. toko sngat tdk amanah. saya kecewa. gk akan belanja D toko ini lagi,cerah biyasahhh panas ngk nyaman tolong teliti masak brng sobek d kirim toko sngat amanah kecewa belanja d toko
CL001414,Negative,"gerah banget, bikin bau. kirain bahannya gak gini, ternyata jersey yang panas banget, kcewa😭 bolong jugaaa",gerah banget bikin bau bahan nyata jersey panas banget kcewa😭 bolong jugaaa
CL001450,Negative,Gue pesen yg xl malah d kasih XXL lain kali yg amanah dong kalau gak ada ya udh ko pirmasi dukuu,gue pesan xl d kasih xxl kali amanah iya udh ko pirmasi dukuu
CM003587,Negative,"Bahan kaos kurang bagus...ya sudah bisa di maklumi..
Tapi ini jahitannya kagak rapih banget...mending pakai kaos pemilu yg di bagi bagi buat warga...",bahan kaos bagus iya maklum jahit kagak rapih banget mending pakai kaos milu warga
CM003643,Negative,nerawang,terawang
CM003651,Negative,Baju nya sobek dan warna tidak sesuai tanpa konfrm ..kapokkkk dh beli di toko ini,baju nya sobek warna sesuai konfrm kapokkkk dh beli toko
CM003666,Negative,"Walaupun harganya dibawa standar tapi lebih di perhatikan jga kuliaitas barangnya, baru datang pas buka liat bajunya begini, warnanya jga tdk sesuai",harga bawa standar perhati jga kuliaitas barang pas buka liat baju warna jga sesuai
CM003678,Negative,Tipis bngt agak kecewa,tipis bngt kecewa
CM003888,Negative,GK sesuwe; jelek,sesuwe jelek
CM003898,Negative,"Ukuran XL tapi kecil,bahan sangat tipis,mohon maap",ukur xl bahan tipis mohon maap
CM003916,Negative,"Kecewa kainnya tipis banget, untuk yang warna hitam bermotif kok beda. Tolong gambar di sesuai dengan barang yang ada min. Kalau gini berasa ketipu jadinya.",kecewa kain tipis banget warna hitam motif beda tolong gambar sesuai barang min asa tipu
CM003960,Negative,Tipis bangettt kaos nya 🥲🥲🥲🥲🥲,tipis bangettt kaos nya 🥲🥲🥲🥲🥲
CM004141,Negative,"Tidak gerah cocok untuk hari""",gerah cocok
CM004145,Negative,"Pesan ukuran M di kirim XL
Payah sekali",pesan ukur m kirim xl payah
CN000867,Negative,Bajunya udah nyampe pengirimannya cepat bangat tp sayang belakang nya bolog untung belakang bukan depan tapi ga apa apa deh makasih top,baju udah sampe kirim cepat bangat tp sayang nya bolog untung deh memakasih top
CO000358,Negative,lumayan bagus; lumayan; tidak sesuai pesanan..warna maroon dan Milo yg saya pesan namun warna pink yg datang,lumayan bagus lumayan sesuai pesan warna memaroon memilo pesan warna pink
CO000361,Negative,"rapi si; warna ga sesuai pesan warna maron yg di kirim malah warna fusia; tipis si ga tebal , cuma bukan rayon premium kecewa . gimna nih min tolong deh balas chat sya; Barang rusak",rapi si warna sesuai pesan warna paron kirim warna fusia tipis si tebal rayon premium kecewa gimna min tolong deh balas chat sya barang rusak
CO000364,Negative,"Maaf saya kasi bintang 1 karna tidak sesui barngnya
Katanya bahannya rayon rayon apaan tipis gitu mana beli dua lgi tokonya gak amanah",maaf kasi bintang 1 karna sesui barngnya bahan rayon rayon tipis gitu beli lgi toko amanah
CO000365,Negative,"Kecewa sih. Bahan gak sesuai deskripsi. Kalo rayon premium itukan bahannya adem jatuh ya. Kalo ini kaya bahan katun toyobo, ringan bahannya. Ya emang sih ada harga ada kualitas. Tapi kok ya kenapa mesti bohong.",kecewa sih bahan sesuai deskripsi rayon premium bahan adem jatuh iya kaya bahan katun toyobo ringan bahan iya emang sih harga kualitas iya mesti bohong
CO000367,Negative,"Pesen warna maroon yg Dateng warna pink fanta udah gitu bajunya robek,bahanya panas gasesuai!! nyesel banget belanja di toko ini!!",pesan warna memaroon dateng warna pink fanta udah gitu baju robek baha panas gasesuai sesal banget belanja toko
CO000369,Negative,"Barang yang dikirim tidak sesuai pesanan dan barang rusak tidak bisa dipakai 
Tolong bagi yang ingin membeli harap hati hati dengan toko ini,respon penjual lama dan kurang nyaman",barang kirim sesuai pesan barang rusak pakai tolong beli harap hati hati toko respon jual nyaman
CO000377,Negative,"Saya pesen rmn jotol, dikirim wrn sage
Tidak sesuai difoto, kainnya tipis banget, panas dan tidak mayung",pesan rmn jotol kirim wrn sage sesuai foto kain tipis banget panas mayung
CO000385,Negative,yg dtng ngk sesuai lw mw jualan jgn nipu dong in bkn kain rayon,dtng ngk sesuai lw jual jgn tipu in bkn kain rayon
CO000391,Negative,"liat sndr jahitan plintat plintut dah ky orang baru bljr njahit,kupikir bakal adem dan jatuh,ternyata ini katun yg panas gerah bkn premium,kena kringet bau bgt kainya..kecewa",liat sndr jahit plintat plintut dah ky orang bljr jahit pikir adem jatuh nyata katun panas gerah bkn premium kena kringet bau banget kai kecewa
CO000396,Negative,baik; tidak sesuai dgn gambar saya pesen maron yg datang pink; tipis; Tidak sesuai deskripsi,sesuai dgn gambar pesan paron pink tipis sesuai deskripsi
CO000404,Negative,Kecewa bgt katanya rayon premium tau2 yg dtg kyak gini🤦🏻,kecewa banget rayon premium tau2 dtg kyak gini🤦🏻
CO000408,Negative,Menyesal beli Disni  TDK sesuai  kain tipis dan TDK bgus sangat jellek,sesal beli disni sesuai kain tipis bgus jellek
CO000412,Negative,Pesen yg wrna milo sma hijau botol ini item smua..  Mana sobek lagi..  Kecewa..  Gka akan beli lagi..  Gak amanah,pesan wrna memilo sma hijau botol item smua sobek kecewa gka beli amanah
CO000422,Negative,Bhn tidak sesuai deskripsi  yg dtng mlhn bahan spandek ygpanas . Pdhl deskripsi nya rayon premium seharusnya walau bukn rayon premium rayon biasajuga kn bisa ini mlh dikirim yg bhn spandek udh cht saler nya jawaban nya slow respon bgt dn gaada solusi kapok aing di toko ini,bhn sesuai deskripsi dtng mlhn bahan spandek ygpanas pdhl deskripsi nya rayon premium bukn rayon premium rayon biasajuga kn mlh kirim bhn spandek udh cht salar nya nya slow respon banget dn gaada solusi kapok aing toko
CO000424,Negative,tiak sesuai pesanan; tipis tidak sesuai gambar; tidak susuai barang di gambar.,tiak sesuai pesan tipis sesuai gambar susuai barang gambar
CO000425,Negative,"Pesen warna apa datang nya warna apa,kecewa si gak lagi lagi belanja di toko ini",pesan warna nya warna kecewa si belanja toko
CO000441,Negative,Please guys hati2 lebih teliti lgi kalo mau beli  teruntuk admin dan yg punya ni usaha tolong meski uang itu tidak seberapa please itu berharga buat kami kami udah ngasih kepercayaan sama toko kalian jangan lah di kasih kekecewaan gini mana respon nya nggk ada klo gak ada warna yang pembeli pesen tawarin warna lain atau bahannya kosong jangan ngambil keuntungan dari orang' lain main kirim seenaknya uang yg kecil itu tetep kalian makan!,please guys hati2 teliti lgi beli adm usaha tolong uang please harga udah asih percaya toko kasih kecewa respon nya gk warna beli pesan tawar warna bahan kosong ambil untung orang main kirim enak uang makan
CO000444,Negative,"Tidak sesui , bahanya bukan rayon ! Semoga tidak ada korban lagi",sesui baha rayon moga korban
CO000445,Negative,Gatau katanya baju bahan rayon taunya bahan kresek,gatau baju bahan rayon tau bahan kresek
CO000454,Negative,Nggak sesuai jahitannya kurang bagsu,sesuai jahit bagsu
CO000456,Negative,"Jgn pesan barang disini seller tidak amanah
Kwalitas buruk sangat buruk
Kain nerawang,
Pesan buat seller kalau cari duit yg amanah yg sesuai dong jgn banyak bohongin pembeli,
Postingan kwalitas bagus padahal nyatanya ngk pantas di pakai👊☹",jgn pesan barang ller amanah kwalitas buruk buruk kain terawang pesan ller cari duit amanah sesuai jgn bohong beli postingan kwalitas bagus nyata ngk pakai👊☹
CO000472,Negative,Ternyata bahan bukan rayon premium... aslinya bahan panas,nyata bahan rayon premium asli bahan panas
CO000475,Negative,"Di deskripsi katanya rayon, tau nya yg dateng bukan rayon. Yang amanh ya ka kalo jualan dosa tau🙂",deskripsi rayon tau nya dateng rayon amanh iya ka jual dosa tau🙂
CO000545,Negative,"bahan seperti bahan sarung bantal yg murah, kasar dan panas bahannya

Kalau ada bintang nol aku kasih bintang nol wkwkwk",bahan bahan sarung bantal murah kasar panas bahan bintang nol kasih bintang nol wkwkwk
CO000547,Negative,"bahan'y panas, sobek, order warna Milo sama hijau botol dikasih warna sage sama crem, cukup sekali ini aja aku belanja di toko ini; Barang rusak, Kualitas buruk",bahan iya panas sobek order warna memilo hijau botol kasih warna sage crem aja belanja toko barang rusak kualitas buruk
CO000555,Negative,ini g salah punten bgt kg dipke lngsg sy shock bhanya kya bhan karung ..bner2 kg sesuai sma yg dfto dn iklan kasihan bgt org beli ditipu bhan  hordeng lbh bagus dr ini...,salah punten banget kg dipke lngsg sy shock bhanya kya bhan karung bner2 kg sesuai sma dfto dn iklan kasihan banget org beli tipu bhan hordeng lbh bagus dr
CO000559,Negative,Tolong dong yang amanah kalo jualan.,tolong amanah jual
CO000584,Negative,jahitan robek; tidak sesuai dan mengecewakan bikin kapok; tidak sesuai dan mengecewakan pesen warna ijo botol yg datang warna sage; Kualitas buruk,jahit robek sesuai kecewa bikin kapok sesuai kecewa pesan warna ijo botol warna sage kualitas buruk
CO000788,Negative,Robek + salah warna,robek salah warna
CO000824,Negative,"Masa barng bolong 

dikirim😂😂",barng bolong dikirim😂😂
CO000833,Negative,"HARAP DIBACA YA BUAT PENJUAL, klo memang kalian rugi buat jual barang dgn harga segitu NAIKAN HARGANYA DAN KUALITAS NYA, jangan memperburuk barang. Padahal anda sendiri yg jual barang dgn harga segitu tp kenapa kualitas sangat BURUK sekali kalo memang anda rugi tida usah di jual ya!!! SANGAT TIDAK BERTANGGUNG JAWAB KALIAN INI",harap baca iya jual rugi jual barang dgn harga gitu naikan harga kualitas nya buruk barang jual barang dgn harga gitu tp kualitas buruk rugi tida jual iya tanggung
CO000835,Negative,"bahannya palsu bukan rayon, kualitas buruk bgt. kain puring; mnt marun dtg pink; Kualitas buruk",bahan palsu rayon kualitas buruk banget kain puring mnt parun dtg pink kualitas buruk
CO000836,Negative,"Ndehh sprtinya tdk sesuai dgn yg dvdeo deh.. Dvdeo bagus sprtinya bahannya tebel, tpi yg apai sangat tipis.. Ah sya suka males kl beli barang tdk sesuai dgn dvdeo",ndehh sprtinya sesuai dgn dvdeo deh dvdeo bagus sprti bahan tebal tpi apai tipis ah sya suka pales kl beli barang sesuai dgn dvdeo
CP000149,Negative,Barang tidak sesuai kak😭,barang sesuai kak😭
CP000297,Negative,Komplen dengan admin gak dilayani,komplen adm layan
CQ000422,Negative,"Wajar si harga segituu,padahal bahannya adem tapi sayang banget emg g niat jualan mungkin jahitan nya bener"" kurang rapih,sobek juga,trs warna benang di kanan kiri bedaa mana kurang tapiii:(",wajar si harga gituu bahan adem sayang banget emg niat jual jahit nya rapih sobek trs warna benang kanan kiri bedaa tapiii
CQ000425,Negative,jelek bgt jaitan ga rapih bahannnya tipis setidaknya jaitan rapihin dikitlah walaupun tipis yaudah gpp tp ini jaitan nya ga rapih bgt😭,jelek banget jait rapih bahannnya tipis jait rapih dikit tipis yaudah gpp tp jait nya rapih bgt😭
CQ000435,Negative,"JELEK BGTTT JAITAN NYA, BAJU NYA PAS NYAMPE BOLONG!!! NYESEL BELIIIIIIII",jelek bgttt jait nya baju nya pas sampe bolong sesal beliiiiiiii
CQ000436,Negative,"rusak dr awal datang
jahitan ga rapih
ntrawang
👎🏾👎🏾👎🏾👎🏾",rusak dr jahit rapih ntrawang 👎🏾👎🏾👎🏾👎🏾
CQ000438,Negative,"Jaiitan tidak rapii,,, sangat tidak puass, kalau jualan bagus"" lahh😎😑menyesal beli di toko ini",jaiitan rapii puass jual bagus lahh😎😑menyesal beli toko
CQ000460,Negative,"jaitanya kuranf rapi , trs banyak yg pda bolong",jaitanya kuranf rapi trs pda bolong
CQ000494,Negative,Rusak gak sesuai,rusak sesuai
CQ000521,Negative,Baju bolong dan kotor,baju bolong kotor
CQ000617,Negative,Kecewa bajunya bolong😭,kecewa baju bolong😭
CQ000689,Negative,baju nya bagus tapi ROBEK. tolong di ganti.,baju nya bagus robek tolong ganti
CQ000695,Negative,"kurang puas karna ada lubang dibelakang dekat lengan, jahitan pun kurang rapi benang nya nimbul""",puas karna lubang lengan jahit rapi benang nya timbul
CQ000697,Negative,minusnya sobekk pdhl bgss bgtt smm jaitanny jugaaa kurang rapi,minus sobekk pdhl bgss bgtt smm jaitanny jugaaa rapi
CR002107,Negative,"bajunya banyak bolong, ga rekomendasi bgt, tpi untuk dalaman jersey okelah",baju bolong rekomendasi banget tpi jersey oke
CR002141,Negative,"Nyesel belinya,bajunya robek",sesal beli baju robek
CR002210,Negative,mengecewakan,kecewa
CR002211,Negative,tipis bnget; maronnn; buruk jaitan tida rapi,tipis bnget maronnn buruk jait tida rapi
CR002356,Negative,sobek,sobek
CR002506,Negative,"bajunya rusak, ada yg bolong",baju rusak bolong
CR002760,Negative,"kecewa, baju datang dgn kondisi baju yg bolong..",kecewa baju dgn kondisi baju bolong
CR003225,Negative,tipis tp ya ada harga ada kualitas; warna sesuai; lumayan; Barang rusak,tipis tp iya harga kualitas warna sesuai lumayan barang rusak
CR003264,Negative,"tipis; hitam dan maroon; baju ny kecil tdk muat; Barang rusak, Tidak sesuai deskripsi, Kualitas buruk",tipis hitam memaroon baju ny muat barang rusak sesuai deskripsi kualitas buruk
CR003309,Negative,tidak sesuai ekspektasi,sesuai ekspektas
CR003519,Negative,"maaf ga sesuai bgt sm yg di tampilkan di foto. di bagian lengan kiri dan kanan tidak di jahit dan bagian bwh jg ga di jahit klo soal bahan emg tipis tp whort it lh ya sesuai harga, sekali lagi tolong di perhatiakan lagi ya.",maaf sesuai banget sm tampil foto lengan kiri kanan jahit bwh jg jahit bahan emg tipis tp whort it lh iya sesuai harga tolong perhatiakan iya
CR003522,Negative,"padahal lucu tapi tipis mana nerawang lagi di tambah jahitan nya ad bolong nya gimana ya, tapi maaf ya bukan nya mau menjelek kan",lucu tipis terawang jahit nya ad bolong nya gimana iya maaf iya nya jelek
CS001197,Negative,"buset robek dong
bhnnya tipis tpi y ok lah, 13k doang
tapi masa lu kasih yg robek",buset robek bhn tipis tpi iya ok 13k doang lu kasih robek
CS001390,Negative,Barang rusak,barang rusak
CT001196,Negative,"tipis bgt,jaitannya ga rapi,ada bolongnya juga, kurang suka yh gini KLO harga murah psti Bhan kurng bgus; kurang rapi; kurang suka",tipis banget jait rapi bolong suka yh harga murah psti bhan kurng bgus rapi suka
CT001198,Negative,"Jelek banget yang dikirim,,, pesan ukuran XL yang dikirim kecil banget tidak akan lagi beli disini, ok lah cukup bintang yang berbicara.",jelek banget kirim pesan ukur xl kirim banget beli ok bintang bicara
CU000726,Negative,tapi sayangnya punya saya robek dan tidak ada respon dari penjual,sayang robek respon jual
CU000728,Negative,"kecil banget plisss, ini mah buat anak umur 3tahun. kecewa banget",banget plisss mah anak umur 3tahun kecewa banget
CU000736,Negative,Barang rusak,barang rusak
CX002950,Negative,"Mohon untuk ditingkatkan lagi quality controlnya, agar tidak merugikan konsumen dgn mengirimkan barangnya rusak/cacat.",mohon tingkat quality controlnya rugi konsumen dgn kirim barang rusak cacat
CX002951,Negative,beli pas live kmrn apa apaan datengnya ketek robek pinggir robek iyasih flash sale jd 62rb tp apaan dapetnya baju gini kapok dah,beli pas live kmrn datengnya ketek robek pinggir robek iyasih flash sale jd 62rb tp baju kapok dah
CX002965,Negative,mengecewakan sekali👎👎 lain kali di cek dulu barangnya,kecewa sekali👎👎 kali cek barang
CX002983,Negative,Warna sesuai tp di kasih baju yg di jahitan sampingnya bolong,warna sesuai tp kasih baju jahit samping bolong
CX002998,Negative,"jahitan kurang rapih benang dimana mana, setelah dibersihkan bbrp jahitan kebuka kurang bener jahitnya. padahal sy senang sekali dgn baju2 orlo setiap order pasti gapernah satu, tp kali ini saya kecewa tolong di perbaikin lg",jahit rapih benang sete bersih bbrp jahit buka jahit sy senang dgn baju2 orlo order gapernah tp kali kecewa tolong lg
CX003012,Negative,"minimal kalo mau dikirim barang ny dicek dong lalai banget si, tolong ya harus diliat secara teliti masa rusak gitu tetep dijual gimana si",minimal kirim barang ny dicek lalai banget si tolong iya liat teliti rusak gitu jual gimana si
CX003022,Negative,"Gak amanah , baju bolong di kirim",amanah baju bolong kirim
CX003093,Negative,"apa tidak di cek lagi, masa bolong seperti ini",cek bolong
CX003108,Negative,adem banget bahannya dan pas,adem banget bahan pas
CX003113,Negative,"lain kali mau ngirim liat dulu kondisi baju ya,baju koyak jangan di kirim ke cust; standar sesuai harga / ngaret ngikut body; standar baju bahan rajut",kali kirim liat kondisi baju iya baju koyak kirim cust standar sesuai harga karet body standar baju bahan rajut
CX003124,Negative,jautan tdk rapih; jaitan tdk rapih bolong; jaitan tdk rapih ada bolong dileher,jautan rapih jait rapih bolong jait rapih bolong leher
CX003137,Negative,baru mau pake ternyata robek nya ampun 😔😭 gabisa di jahit,pake nyata robek nya ampun 😔😭 gabisa jahit
CX003139,Negative,jaitannya berantakan ad yg ketinggalan jg huhu😭😭,jait beranta ad tinggal jg huhu😭😭
CX003154,Negative,Tolong di cek lagi kalau mau ngirim!!punyaku bolong gede bgt😭😭,tolong cek kirim bolong gede bgt😭😭
CX003155,Negative,Bolong lain kali di cek lg ka,bolong kali cek lg ka
CX003185,Negative,robek,robek
CX003216,Negative,"apasih knp robek gini; Barang rusak, Kualitas buruk",apasih knp robek barang rusak kualitas buruk
CX003218,Negative,sayang bgt pdhl bagus tp bolong,sayang banget pdhl bagus tp bolong
CY002344,Negative,"Kecewa banget di kasih baju bolong, mentang2 dapet harga diskon se enak nya saja d krim baju bolong, pdahal kualitas bahan nya bagus bnget melar dingin, maaf ya aku kasih bintang 1",kecewa banget kasih baju bolong mentang2 harga diskon enak nya d krim baju bolong pdahal kualitas bahan nya bagus bnget melar dingin maaf iya kasih bintang 1
CY002350,Negative,pas sih di badan tapi bagian ketiak sama lengan kaya gitu😾,pas sih badan ketiak lengan kaya gitu😾
CY002351,Negative,datengngnya si agak lama terus pas sampe terawang terus juga sobek di jahitannya nitanya si mau order lagi tpi pas tau gini kayaknya engga deh,datengngnya si pas sampe terawang sobek jahit nitanya si order tpi pas tau kayak deh
CY002354,Negative,"jelek robek bolong; tipis; pengiriman lama sampe 2 minggu lebih ,,,intinya kurang memuaskan!",jelek robek bolong tipis kirim sampe 2 minggu inti muas
CY002372,Negative,"Dapattt hargaaa promooo tapi di bolonggg🥲🥲🥲
Sayang bgt sih ini .",dapattt hargaaa promooo bolonggg🥲🥲🥲 sayang banget sih
CY002390,Negative,Buat tokonya biar lebih di percaya bisa cek brg sebelum packing,toko biar percaya cek brg packing
CY002391,Negative,Ad kotoran di baju Nye knp tidak di perisa dulu kecil juga baju Nye,ad kotor baju nye knp perisa baju nye
CY002393,Negative,Niat juallaannn ngaaakkkk ibu atu massss..baju Robek gini di kirim memang rada2 tdi ya mau beli 3 baju beda2 warna tpi 1 dllu takut jlk nyata yh iyaa jdi ga beli lgi bye,niat juallaannn ngaaakkkk atu massss baju robek kirim rada2 tdi iya beli 3 baju beda2 warna tpi 1 dllu takut jlk nyata yh iyaa jdi beli lgi bye
CY002395,Negative,"kecewa banget udah lama datengnya pas Dateng barangnya malah sobek,lain kli periksa dlu sblum di kemas biar amanah klau udh gini udh kapok",kecewa banget udah dateng pas dateng barang sobek kli periksa dlu sblum kemas biar amanah klau udh udh kapok
CY002405,Negative,"Heran bngt sama qc yg kek gini dilolosin !!!dari toko juga knp brng bermasalah kek gini di krm ke costumer membuat nma toko jlk saja.ga wort it.maaf klo kta""saya nykti",heran bngt qc kek lolos toko knp brng kek krm costumer nma toko jlk wort it maaf kta nykti
CY002427,Negative,Sobek dijual mana mau dipakek,sobek jual dipakek
CY002444,Negative,BAGIAN KETIAK ADA YANG ROBEK,ketiak robek
CY002520,Negative,Bagus sih tpi pas nyampe udah robek,bagus sih tpi pas sampe udah robek
CY002530,Negative,Baju nya sobek pwehatiin lagi kuantitas nya,baju nya sobek pwehatiin kuantitas nya
CY002532,Negative,"baju sobek,,, ko d jual",baju sobek ko d jual
CY002536,Negative,gmn ya,gmn iya
CY002544,Negative,Sobek,sobek
CY002556,Negative,jelek,jelek
CY002571,Negative,Kecewa bolong belakang nya,kecewa bolong nya
CY002581,Negative,"bajunya ada reject an, gak mulus ada jahitan yg bolong belum seesi dijahit",baju reject an mulus jahit bolong seesi jahit
CY002582,Negative,"lumayan kecewa; tipis,adem; jahitan kurang rapi",lumayan kecewa tipis adem jahit rapi
CY002584,Negative,"Kualitasnya kurang bagus
Lain kali kalo mau kirim barang perhatikan ya kak, masa banyak yang bolong bolong nya",kualitas bagus kali kirim barang perhati iya kak bolong bolong nya
CY002586,Negative,"GK sesuai dipoto ,tipis,mana Dateng nya robek lagi",sesuai poto tipis dateng nya robek
CY002594,Negative,hitam; bajunya robek yang satu,hitam baju robek
CY002597,Negative,ga rapi gtu sm robek,rapi gtu sm robek
CY002617,Negative,"bgs sesuai ekspetasi tpi kecewa sih pas dibuka bolong gtu bajunya ,,lain kali hrs lebih teliti lgi sblm packing",bgs sesuai ekspetas tpi kecewa sih pas buka bolong gtu baju kali hrs teliti lgi sblm packing
CY002619,Negative,"Sudah 3 kali beli di sini, dan yg ke 3x bajunya di kasih sobek. Aku kasih bintang 2 ajaa",3 kali beli 3x baju kasih sobek kasih bintang 2 ajaa
CY002620,Negative,"Sengaja aku kasih bintang 2 ,cz baru buka aku teliti jahitannya ada yg sobek d bagian obrasnya. Kainnya tebal bagus jg bajunya. Lain kali d teliti sebelum d kemas 🙏",sengaja kasih bintang 2 cz buka teliti jahit sobek d obras kain tebal bagus jg baju kali d teliti d kemas 🙏
CY002624,Negative,"motif bagus si, cuma agak kecewa bgt lah pokoknya saya buka malh udah bolong kek di gigit coro😮‍💨😮‍💨😮‍💨; tipis nyaman sejuk dipake; sejuk dipake, kecema sama bagian lengan saja bolong berlubang itu",motif bagus si kecewa banget pokok buka malh udah bolong kek gigit coro😮‍💨😮‍💨😮‍💨 tipis nyaman sejuk pake sejuk pake cema lengan bolong lubang
CY002626,Negative,Mendingbeli 1xukuran d atas kalian soalnya kecil barang nya untungnya melar jadi punyaku ttp bisa kepake,mendingbeli 1xukuran d barang nya untung melar ttp pake
CY002666,Negative,Duh gmna si admin ga ngeliat lg barang saya sampe robek gtu saya baru buka paket masa baju saya dh robek gtu rugi nih saya 35rb d liat lg dong sebelum barang d packing,duh gmna si adm liat lg barang sampe robek gtu buka paket baju dh robek gtu rugi 35rb d liat lg barang d packing
CY002674,Negative,Pesan 2 yg 1 warna hitam satu lagi warna abu tapi yg warna abu robek bagian lengan nya kalo yg hitam aman aja,pesan 2 1 warna hitam warna abu warna abu robek lengan nya hitam aman aja
CY002676,Negative,Robekk,robekk
CY002684,Negative,"Di lengan nya sobek, seller nya udh di chat no respon, its oke lain kali di cek dulu",lengan nya sobek ller nya udh chat no respon its oke kali cek
CY002716,Negative,Sedih bajunya bolong bolong lebih teliti lagi klo mau ngirim dicek dulu,sedih baju bolong bolong teliti kirim dicek
CY002763,Negative,bolong,bolong
CY002766,Negative,Masak bajunya bolong di kirim kk...,masak baju bolong kirim kk
CY002793,Negative,kok dikasih yang robek😭😭😭,kasih robek😭😭😭
CZ002815,Negative,"Parah sih ini. 
Udah salah kirim model, barang yg datangpun sobek. 
Padahal pilih toko ini krn penilaiannya bagus dan bintangnya oke2
Gak ngecek pesanan orang sebelum dikirim, asem. 
Gak lagi deh mesen di toko ini, nyesel",parah sih udah salah kirim model barang sobek pilih toko krn nilai bagus bintang oke2 cek pesan orang kirim asam deh memesen toko sesal
DA003507,Negative,Maaf saya ksih bintang 1 krna jaitan tidak rapi . Atasnya tobdesannya jeblos jadibsobek. lain kali tolong yg teliti ya di cek kmbali,maaf ksih bintang 1 krna jait rapi tobdesannya jeblos jadibsobek kali tolong teliti iya cek kmbali
DA003555,Negative,sesuae; tidak nyaman di pakai kain terlalu tipis bahkan nerawang dan molor/melaaar,sesuae nyaman pakai kain tipis terawang molor melaaar
DA003717,Negative,Jelek blm di pake udah sobek,jelek blm pake udah sobek
DA003784,Negative,Tipisss banget  Tembusssssss,tipisss banget tembusssssss
DA003835,Negative,barang yang dikirim bolong,barang kirim bolong
DA003846,Negative,"Produk sesuai paking aman, nyaman dipakai tapi ada yang bolong tidak dicek lagi kaya baju BS",produk sesuai paking aman nyaman pakai bolong dicek kaya baju bs
DA003851,Negative,Masa barang bolong dijual sih :( QC nya kacau bgt. Dari 4 cuma satu sih yg bolong tapi tetep kecewa aja. Harga murah tapi jujur ini tipis bgt dan gak adem juga ga nyerep keringet.,barang bolong jual sih qc nya kacau banget 4 sih bolong kecewa aja harga murah jujur tipis banget adem serap ringet
DA003852,Negative,baju nya cacatt huhu sedih bgtt ada bolongnya :(,baju nya cacatt huhu sedih bgtt bolong
DA004082,Negative,"Bukan cotton combed 30s, ini bahan kaosnya memang adem, tipis, dan mudah sobek pas jahitannya",cotton combed 30s bahan kaos adem tipis mudah sobek pas jahit
DA004094,Negative,Sobek,sobek
DB003273,Negative,"menyesal order di toko ini pesan 10 ps bahan tipis melayang udah harga mahal sama ongkir
cukup sekali ini gk bakal order di toko ini lagi",sesal order toko pesan 10 ps bahan tipis layang udah harga mahal ongkir order toko
DB003285,Negative,ga worth it mending di pasar,worth it mending pasar
DB003307,Negative,Dahlah,dah
DB003313,Negative,"Tipisnyooo, sesuai harga sih. Langsung jadiin kain lap aja",tipisnyooo sesuai harga sih langsung kain lap aja
DB003500,Negative,Tipis bangeut emg tipis banguet kecewa kecewa sangat kecewa,tipis bangeut emg tipis banguet kecewa kecewa kecewa
DB003689,Negative,parah sih tipis nya... 😒,parah sih tipis nya 😒
DB003699,Negative,Sesuai hargaaaaaaaaaaaaaaa....  Tipis dan nerawang...,sesuai hargaaaaaaaaaaaaaaa tipis terawang
DB003768,Negative,hitam; nerawang; halus nerawang,hitam terawang halus terawang
DB003894,Negative,"bahan sangat tipis. kecewa. kotor. 
disini bajunya kortor yang beli adek sy pake uangnya sendiri. dia yg beli tapi sy yg kecewa.",bahan tipis kecewa kotor baju kortor beli adek sy pake uang beli sy kecewa
DC001366,Negative,mesin bartack nya di setting lagi biar gak ketarik gini .,mesin bartack nya setting biar tarik
DC001559,Negative,"Yang maroon, mocca & hitam parah banget, kalau mau jual cek lagi itu jahitan ky itu, cuma hijau ini pun wrna ny gk sesuai dg gmbr, tpi pling bgs rapi jhtn nya, parah2",memaroon memocca hitam parah banget jual cek jahit ky hijau wrna ny sesuai dg gmbr tpi pling bgs rapi jhtn nya parah2
AA000501,Negative,Gampang robek baru sehari pemakean,gampang robek sehar pemakean
AA000502,Negative,"Tipis jahitnnya gk rapih dan ada sobek dikit pas jahitnnya,,",tipis jahitnnya rapih sobek dikit pas jahitn
AA000503,Negative,Barang udah nympe tapi yg satu nya kebesaran banget,barang udah menympe nya banget
AA000504,Negative,Kebesaran,
AA000505,Negative,"Maaf sesuai yg sy terima jahitan tidak rapi dan banyak benang lepas krn tdk diobras,baru dipake kancing lepas , mungkin krn harga murah 🙏",maaf sesuai sy terima jahit rapi benang lepas krn obras pake kancing lepas krn harga murah 🙏
AA000506,Negative,pesan hitam dateng abu 👎🏿👎🏿👎🏿,pesan hitam dateng abu 👎🏿👎🏿👎🏿
AA000507,Negative,"Sangat teramat kecewa karena bahan jangan keras kasar panas bikin gerah , padahal saya beli 3 langsung tapi bahan berbeda semua sangat tidak konsisten!",kecewa bahan keras kasar panas bikin gerah beli 3 langsung bahan beda konsisten
AA000508,Negative,"kasar,ada yang sobek",kasar sobek
AA000509,Negative,Sesuai harga,sesuai harga
AA000511,Negative,Belinya hitam tapi yang dtg abu2 tapi gak papah sih bagus,beli hitam dtg abu2 papah sih bagus
AA000515,Negative,Ele tipis,ele tipis
AA000516,Negative,Ele tipis,ele tipis
AA000517,Negative,Teledor,teledor
AA000532,Negative,"bahannya beda dgn yg biru. yg coklat bahannya kasar , keras. bagian lobang tangan kecil.",bahan beda dgn biru coklat bahan kasar keras lobang tangan
AA000533,Negative,Yg ini ada robek dikit,robek dikit
AA000534,Negative,"Kain muda luntur, jahitan kurang rapi, banyak yg ndredet2",kain muda luntur jahit rapi ndredet2
AA000537,Negative,Biaya pengiriman mahal,biaya kirim mahal
AA000538,Negative,"Baru dtg lgs cuci 
Hancur kaos2 1 cucian kena luntur & bulu halus pd nempel",dtg lgs cuci hancur kaos2 1 cuci kena luntur bulu halus pd tempel
AA000540,Negative,"Baju yg baru kan sebelum dipakai dicuci dulu, ini knp abis dicuci mengkeret ka bahannya....",baju pakai cuci knp abis cuci mengkeret ka bahan
AA000541,Negative,"Pesannya Jumbo eh dtg bukan jumbo , pdhl pesanan pertama pesan jumbo bagus dtg pas  yg kedua ini sepeti bukan jumboo .. edehhg",pesan jumbo eh dtg jumbo pdhl pesan pesan jumbo bagus dtg pas sepet jumboo edehhg
AA000542,Negative,"Pesannya Jumbo eh dtg bukan jumbo , pdhl pesanan pertama pesan jumbo bagus yg kedua ini sepeti bukan jumboo .. edehhg",pesan jumbo eh dtg jumbo pdhl pesan pesan jumbo bagus sepet jumboo edehhg
AA000543,Negative,"Pesannya Jumbo eh dtg bukan jumbo , pdhl pesanan pertama pesan jumbo bagus yg kedua ini sepeti bukan jumboo .. edehhg",pesan jumbo eh dtg jumbo pdhl pesan pesan jumbo bagus sepet jumboo edehhg
AA000544,Negative,Bahannya panas,bahan panas
AA000546,Negative,"Ga sesuai klo ngomong 50ribu 3, ternyata cuma 1 baju,,",sesuai omong 50ribu 3 nyata 1 baju
AA000553,Negative,"Warna hitam nya gk sama pdahal mau couple bareng suami,malah kek warna abuu",warna hitam nya pdahal couple bareng suami kek warna abuu
AA000556,Negative,Ternyata ukuran y kecil,nyata ukur iya
AA000557,Negative,Ternyata ukuran ya kecil 😭,nyata ukur iya 😭
AA000558,Negative,"Aku pesen kuning jumbo tapi di kasih putih,, kl emang gak ada harusnya konfirmasi dulu 🥲",pesan kuning jumbo kasih putih kl emang konfirmasi 🥲
AA000561,Negative,Kainnya kyk kebo goni tambah di cuci tambah kakuuuuu😏,kain kyk kebo goni cuci kakuuuuu😏
AA000562,Negative,"Bahannya pas di cuci nyusut,yg tadinya muat jadi ga muat...jahitannya jg ga rapi,tanpa obras,yg punya anak2 bahannya ada yg Akas pula,ya walaupun harganya murah seharusny...",bahan pas cuci susut muat muat jahit jg rapi obras anak2 bahan akas iya harga murah seharusny
AA000580,Negative,yg dikirim ukuran kecil,kirim ukur
AA000582,Negative,Kecil ga muat,muat
AA000586,Negative,Kacung blm sempat pake langsung cabut,kacung blm pake langsung cabut
AA000594,Negative,Pesen nya biru tua di kirim nya biru muda,pesan nya biru tua kirim nya biru muda
AA000599,Negative,Pengemasan 8pc jadi 1 ga di plastiki,emas 8pc 1 plastik
AA000600,Negative,bahan tipissss banget,bahan tipissss banget
AB000145,Negative,Kecewa. Baju nya waktu sampek kuning di lengan sama di jaitan ny kuning. Baju ny juga tipis gk begitu tebel seperti yg di bilang waktu live.,kecewa baju nya sampek kuning lengan jait ny kuning baju ny tipis tebal bilang live
AB000147,Negative,"Kain Tipis, tidak sesuai deskripsi",kain tipis sesuai deskripsi
AB000149,Negative,Tidak sesuai,sesuai
AB000151,Negative,Bahan nya tipis. Bilang nya ori. Lebel nya aja gk ada barkot nya.,bahan nya tipis bilang nya ori lebel nya aja barkot nya
AC000083,Negative,bahan tipis,bahan tipis
AC000084,Negative,Tidak sesuai expetasi.bahan tipis menerawang.masa bahan kyk gini masa' dibilang ORY💆.,sesuai expetas bahan tipis terawang bahan kyk bilang ory💆
AC000085,Negative,Beli 2 datengnya 1,beli 2 dateng 1
AC000086,Negative,Kurang sesuai bahan kayak kaos partai,sesuai bahan kayak kaos partai
AC000087,Negative,Goodgood,goodgood
AC000088,Negative,"dikirim oleh tiktok, lama sampainya.
Bahan tipis menerawang, sesuai harga. Mending langsung beli di store offline",kirim tiktok bahan tipis terawang sesuai harga mending langsung beli store offline
AC000089,Negative,Barang tidak sama dengan outlet resmi,barang outlet resmi
AC000090,Negative,"Bahan nya tipis,bukan produk ori",bahan nya tipis produk ori
AC000091,Negative,Kecewa dikira ori kok bahan nya panas kayak kaos partai,kecewa ori bahan nya panas kayak kaos partai
AD000185,Negative,Kualitas jelek sih.. Bahan tipis panass.. Ga sama kaya bahan 3second yg pernah gw beli di store... Ga bgt,kualitas jelek sih bahan tipis panass kaya bahan 3second gue beli store banget
AD000187,Negative,Sangat kecewa baju nya tipis. Km,kecewa baju nya tipis km
AD000188,Negative,"sya sring beli produk 3 second ,tpi yng ini kaya palsu bhan nya panas",sya sring beli produk 3 second tpi yng kaya palsu bhan nya panas
AD000189,Negative,Sperti kaos 20 ribu.,spert kaos 20 ribu
AD000190,Negative,Sesuai harga,sesuai harga
AD000191,Negative,"Bahan nya tipis kali Cok wkwkwk
Gak sesuai Harga wkwk",bahan nya tipis kali cok wkwkwk sesuai harga wkwk
AD000192,Negative,Bahanya terlalu tipis,baha tipis
AD000193,Negative,"Kaos apa ini ko kaya palsu thee second nya 
Cap belakang nya aja sablon bahan tipis bgt lg",kaos ko kaya palsu thee cond nya cap nya aja sablon bahan tipis banget lg
AD000195,Negative,Kok punya aku dtgnya agak tipis yagak seperti kalau beli di toko tebal banget,dtgnya tipis yagak beli toko tebal banget
AD000200,Negative,"Kain ny tipis, bahan ny kurang bagus",kain ny tipis bahan ny bagus
AD000201,Negative,tidak sesuai pesan ukuran yg di kirim,sesuai pesan ukur kirim
AD000202,Negative,ukuran L beda dengan artikel lain kecewa,ukur l beda artikel kecewa
AE000061,Negative,Bahan berbulu tidak sesuai harga,bahan bulu sesuai harga
AE000062,Negative,Bahannya tipis,bahan tipis
AE000063,Negative,Bahannya tipis,bahan tipis
AE000064,Negative,"Kali ini sangat kecewa, krunik nya kecil baru tipis sekali😭😭😭😭😭😭",kali kecewa krunik nya tipis sekali😭😭😭😭😭😭
AG000501,Negative,celananya robek anjierr,celana robek anjierr
AG000507,Negative,Baju nya pas adem di pakai,baju nya pas adem pakai
AG000510,Negative,"Ukuran baju jauh berbeda, panjang baju jauh berbeda hitam dan maroon. Yg hitam pas nyaman, yg maroon kekecilan kependekan. Pdhal all size LD 120",ukur baju beda baju beda hitam memaroon hitam pas nyaman memaroon pende pdhal all size ld 120
AG000511,Negative,"Ukuran baju jauh berbeda, panjang baju jauh berbeda hitam dan maroon. Yg hitam pas nyaman, yg maroon kekecilan kependekan. Pdhal all size LD 120",ukur baju beda baju beda hitam memaroon hitam pas nyaman memaroon pende pdhal all size ld 120
AG000512,Negative,minta putih di kirkm cream. LOL.,putih kirkm cream lol
AG000513,Negative,pembelian yg ke 7 kali ini kecewa celanya kecil padahal kemari2 beli pas yg ini kecil ketat pendeknya sekali klw beli sebelumnya pas2 aja... tolong yg jahit nya ukuran se...,beli 7 kali kecewa cela kemari2 beli pas ketat pendek klw beli pas2 aja tolong jahit nya ukur
AG000514,Negative,Lingkar dadanya trllu lebar,lingkar dada trllu lebar
AG000515,Negative,"pertama bli yg hitam cukup 
kedua bli yg ungu kok gak cukup
lain kali diperhatikan lg ukurannya",bli hitam bli ungu kali perhati lg ukur
AG000517,Negative,salah warna,salah warna
AG000518,Negative,Ini mksutnya apa yaa minya pink kok dikirim putih sii,mksutnya yaa minya pink kirim putih sii
AG000519,Negative,"Bahannya tipis bngt,nerawang gtu jdinya",bahan tipis bngt terawang gtu jdinya
AG000521,Negative,"Ukuran size tidak sesuai... Mengecewakan, kekecilan",ukur size sesuai kecewa
AG000522,Negative,Yang amanah kk klo jualan ini ukuran katanya jumbo nyatanya gak muat di aku,amanah kk jual ukur jumbo nyata muat
AG000523,Negative,Paketnya sudah sampai barang nya bagus sesuai pesanan untuk pengirimannya juga cepat thanks yah kak,paket barang nya bagus sesuai pesan kirim cepat thanks yah kak
AG000524,Negative,bajunya sendiri bagus. hanya saja bajunya penuh noda seperti bekas orang atau mungkin kena kotoran saat di packing. baju dan celana bernoda semua,baju bagus baju penuh noda bekas orang kena kotor packing baju celana noda
AG000526,Negative,Pesanan yang diterima tidak sesuai dengan yang kita pesan,pesan terima sesuai pesan
AG000530,Negative,"Tolong dong cari tukang paketnya yng bener itu mnding di ganti ajh. Gk bener tuh tukang paket ngoceh"" gk jelas.",tolong cari tukang paket yng mnding ganti ajh tukang paket oceh
AG000531,Negative,Minta pink dikirim putih🤦‍♀️,pink kirim putih🤦‍♀️
AG000533,Negative,"Sblm dipakai saya cuci dulu , setelah di cuci jaitan ditangannya pada sobek semua 🤦🏼‍♀️",sblm pakai cuci sete cuci jait tang sobek 🤦🏼‍♀️
AH000501,Negative,Tipis,tipis
AH000503,Negative,"Jelek, bahannya tipis. Ga rekomended. Maaf ya, jelek sekali",jelek bahan tipis rekomended maaf iya jelek
AH000504,Negative,"Jelek, bahannya tipis. Ga rekomended. Maaf ya, jelek sekali",jelek bahan tipis rekomended maaf iya jelek
AH000505,Negative,"Jelek, bahannya tipis. Ga rekomended. Maaf ya, jelek sekali",jelek bahan tipis rekomended maaf iya jelek
AH000507,Negative,Tipis,tipis
AH000509,Negative,"Tipis merawang, sangat kecewa ak beli 2, gk sesuai saat live",tipis rawang kecewa ak beli 2 sesuai live
AH000511,Negative,"Barang kotor yg di lengan samping,kayak bukan bju baru kecewa",barang kotor lengan samping kayak bju kecewa
AH000512,Negative,Gak sesuai lah..tipis panas kain nya,sesuai tipis panas kain nya
AH000516,Negative,"Nyesal beli 
Bahan tipiss 
Nerawang!!!",sesal beli bahan tipiss terawang
AH000519,Negative,"Sangat tidak bagus, sangat tipis sekeli",bagus tipis sekal
AH000520,Negative,"Tidak bagus, sangat tipis sekali",bagus tipis
AH000524,Negative,Sekali cuci langsung pudar warna nya ke baju lama,cuci langsung pudar warna nya baju
AH000525,Negative,"gak sesuai permintaasn ,mintaknya earna coklat yang fikirim putih",sesuai permintaasn mintak earna coklat fikirim putih
AH000526,Negative,Bahan jelek banget kaya sarangan teh,bahan jelek banget kaya sarangan teh
AH000527,Negative,Bagus,bagus
AH000530,Negative,Tidak sesuai dgn pesanan sy kan sdh tulis webnya kenapa yg dtng sama semua wrn dan gambar nya apa tdk di baca ini pesanan saya☹️,sesuai dgn pesan sy sdh tulis webnya dtng wrn gambar nya baca pesan saya☹️
AH000531,Negative,Barang tidak sesuai minta satu putih satu hitam..yang datang 2nya putih..,barang sesuai putih hitam 2nya putih
AH000532,Negative,"Sangat buruk tipis dalam kasar nerawang , beli buat anak ,",buruk tipis kasar terawang beli anak
AH000534,Negative,Sesuai harga,sesuai harga
AH000535,Negative,bagus bahan cuman di cuci warna nya luntur,bagus bahan cuman cuci warna nya luntur
AH000536,Negative,"Dikasih warnanya sama semua padahal udah dibuat catatan g bisa baca ya yg dikasi semua panda cream padahal saya nulis nya dicatatan 3 warna bear biru,panda cream,pink put...",kasih warna udah catat baca iya kasi panda cream tulis nya catat 3 warna bear biru panda cream pink put
AH000537,Negative,Sayang ajukan pengembalikan barang .barang udah diambil tp duit blm dikirim,sayang aju barang barang udah ambil tp duit blm kirim
AH000538,Negative,"Bahan sangat tipis ,transparan",bahan tipis transparan
AH000544,Negative,"Pesan 3 picis tp yg dikirim cm 2 picis 
Yg motif smile gak dikirim pdhl sy sdh byr tf tlg bagi yg lain jgn beli di toko ini karna tidak amanah sy sdh minta pengembalian d...",pesan 3 picis tp kirim cm 2 picis motif smile kirim pdhl sy sdh byr tf tlg jgn beli toko karna amanah sy sdh d
AH000545,Negative,Sy beli 3 picis yg di kirim cm 2 picis pdhl sy sdh byr lewat tf tlg diperhatikan lg jgn suka merugikan castamer sangat kecewa tau gitu sy bryr di tempat sungguh tidak ama...,sy beli 3 picis kirim cm 2 picis pdhl sy sdh byr tf tlg perhati lg jgn suka rugi castamer kecewa tau gitu sy bryr sungguh ama
AH000546,Negative,Sy pesan 3 picis tp yg dikirim cm 2 pdhl sy sdh byr melalui tf tlg diperhatikan lg sungguh tidak amanah tlg buat semua jgn beli di toko ini sy minta pengembalian dana tp...,sy pesan 3 picis tp kirim cm 2 pdhl sy sdh byr tf tlg perhati lg sungguh amanah tlg jgn beli toko sy dana tp
AH000548,Negative,"Kualitas produk: Tidak sesuai,di orderan saya sudah kirim pesan khusus penjual untuk warna yang berbeda,tapi yang saya terima warnanya sama semuanya.Buat apa itu coba",kualitas produk sesuai order kirim pesan khusus jual warna beda terima warna coba
AH000549,Negative,udah trma,udah trma
AH000550,Negative,Tipis bangtan dan panas bahannya,tipis bangtan panas bahan
AH000551,Negative,"Minta di bedain warna malah sama 2"" nya",beda warna 2 nya
AH000552,Negative,"Bajunya bnr""tipis g nyaman di pakai, baju nya besar bgt tp pinggang celana kecil, sgtu udh xxl apalagi L, ga rekomen buat harga segtu, tipis nya pake bgt",baju bnr tipis nyaman pakai baju nya banget tp pinggang celana sgtu udh xxl l rekomen harga segtu tipis nya pake banget
AH000553,Negative,Kecewa bngt AQ order size XL kcl bngt pdhl biasa AQ PK size L pas ni size XL kcil mn koden lh g sesuai Poto,kecewa bngt aq order size xl kcl bngt pdhl aq pk size l pas size xl kcil mn koden lh sesuai poto
AH000554,Negative,"Bahan y tipis,,",bahan iya tipis
AH000555,Negative,Barang sudah datang sesuai pilihan...dan trima kasih ya buat mas kurirnya yg ramah sekali...,barang sesuai pilih trima kasih iya mas kurir ramah
AH000556,Negative,Bahan tipis banget menerawang...hanga murah emang murah...tapi jangan sembarang murah lah... keliatan semua dalamnya emang baju tidur buat dikamar....lah kadang keluar ru...,bahan tipis banget terawang hanga murah emang murah sembarang murah liat emang baju tidur kamar kadang ru
AH000557,Negative,Tipis banget jelekk 🔥,tipis banget jelekk 🔥
AH000561,Negative,Kurang kirim 1 item,kirim 1 item
AH000562,Negative,"Bgsvsih cm masa iya di kirim wrna semua sama 3,3 nya kn sy minta wrna beda .... aneh bisa baca gk siii, mau puas jd kecewa  😪",bgsvsih cm iya kirim wrna 3 3 nya kn sy wrna beda aneh baca siii puas jd kecewa 😪
AH000563,Negative,Tipis....kurang memuaskan,tipis muas
AH000564,Negative,"Kurang bgus,bahanya tipis",bgus baha tipis
AH000566,Negative,kecewa kecil tipis harga 55 gk sesuai,kecewa tipis harga 55 sesuai
AH000567,Negative,Kualitas produk: Buruk tipis nerawang panaasss,kualitas produk buruk tipis terawang panaasss
AH000568,Negative,Brg ini tdk sampe yah,brg sampe yah
AH000569,Negative,Pesan 3 sampenya cuman 2 .. klo brg tdk ready konfirmasi dong..,pesan 3 sampe cuman 2 brg ready konfirmasi
AH000572,Negative,Bahan tipis,bahan tipis
AH000579,Negative,"sedikit kecewa karna yg dipesan motif bear Boba,uk XXL tpii yg dikrm motif bear straw pink-nya 2 buah,besok² teliti dulu kalau mau packingan",kecewa karna dipes motif bear boba uk xxl tpii dikrm motif bear straw pink nya 2 buah besok² teliti packingan
AH000580,Negative,Baju sobek tdk teliti maaf baru ngsih tau skrng tdk di unboxing soalnya buat kado ga dilihat lgi,baju sobek teliti maaf ngsih tau skrng unboxing kado lihat lgi
AH000582,Negative,Ga sesuai gambar datang celana panjang motif Snoopy tp warna hitam celana nya kotak² bahan tipis bgttttt.. Ga sm dgn live .. Kapokkkk,sesuai gambar celana motif snoopy tp warna hitam celana nya kotak² bahan tipis bgttttt sm dgn live kapokkkk
AH000583,Negative,Ini ukuran xxl kecil trus banyu kisut2 udah d gosok jg ga bs rapih pijggiran tangan nya pdhal ini yg premium,ukur xxl trus banyu kisut2 udah d gosok jg bs rapih pijggiran tangan nya pdhal premium
AH000584,Negative,Bahan tipis kynya bhnnya panas,bahan tipis kynya bhn panas
AH000585,Negative,Bajunya tipis banget,baju tipis banget
AH000587,Negative,"Beli 4 yang di kirim 3, gak amanah",beli 4 kirim 3 amanah
AH000588,Negative,Kurir nya minta pembayaran lebih,kurir nya bayar
AH000589,Negative,Tipis berawang,tipis awang
AH000590,Negative,Barang tipis banget,barang tipis banget
AH000594,Negative,"Minta pita yg dikirim lain hadeuh ,mana ga confirm dlu",pita kirim hadeuh confirm dlu
AH000595,Negative,Clana satunya belum di obras,clana obras
AH000596,Negative,Tidak sesuai foto tipis jelek,sesuai foto tipis jelek
AH000597,Negative,"Co 2 yang dateng 1, di keterangan nyya yang ini gak di kirim tapi bayar 2 baju",co 2 dateng 1 terang nyya kirim bayar 2 baju
AH000601,Negative,Apaan bju nya terlalu tipis,bju nya tipis
AH000604,Negative,Kirain besar ternyata kecil,nyata
AH000609,Negative,Tipis,tipis
AH000610,Negative,Tipis nerawang bahan panas,tipis terawang bahan panas
AN000501,Negative,Kualitas produk: Ga sesuai ukuran bahannya jelek males pakainya,kualitas produk sesuai ukur bahan jelek pales pakai
AN000502,Negative,"Di foto bagus,pas datang ngak sesuai sama yang di harapkan..",foto bagus pas kak sesuai harap
AN000504,Negative,G sesuai sama harga nya tipis banget kecewa banget,sesuai harga nya tipis banget kecewa banget
AN000505,Negative,G sesuai sama harga nya kecewa banget tipis,sesuai harga nya kecewa banget tipis
AN000507,Negative,Bahan nya kaya kaos partai,bahan nya kaya kaos partai
AN000508,Negative,Kurang bagus,bagus
AN000509,Negative,Lumayan,lumayan
AN000519,Negative,Mirip Kaos partai,kaos partai
AN000520,Negative,GK sesuai ukuran,sesuai ukur
AN000521,Negative,ukuran XL ttp kecil gmn sih,ukur xl ttp gmn sih
AN000522,Negative,baju hitam nya kecil banget,baju hitam nya banget
AN000523,Negative,Kkkain ya jelek dgn hrg segit7 kecewa sekali,kkkain iya jelek dgn hrg segit7 kecewa
AN000524,Negative,"Gak sesuai gambar
Kualitas produk: Buruk",sesuai gambar kualitas produk buruk
AN000525,Negative,Banju nya sangat tidak sesuai dengan di iklan dan ukuran nya sangat kecil,banju nya sesuai iklan ukur nya
AN000526,Negative,"Barang gx sesuai sama yg di foto
Kualitas produk: Biasa",barang gx sesuai foto kualitas produk
AN000527,Negative,Agak tipis sablon jelek,tipis sablon jelek
AN000528,Negative,Parah banget gak sama yang datang kaya baju bekas,parah banget kaya baju bekas
AN000529,Negative,Gak sama kayak di foto,kayak foto
AN000530,Negative,Bagus,bagus
AN000531,Negative,Pesan 2 kali ternyata sm aja brang dtng tdksesuai Kya yg di fotoiklan kecewa berat darimutu.corak.warna.motif ukuran.sangat beda jauh,pesan 2 kali nyata sm aja brang dtng tdksesuai kya fotoiklan kecewa berat darimutu corak warna motif ukur beda
AN000532,Negative,Barang  dah dtng TPi gak sesuai di foto ygdiiklanke beda jauh dari segi motif warna dan ukuran sangat kecil.....kecewa berat,barang dah dtng tpi sesuai foto ygdiiklanke beda segi motif warna ukur kecewa berat
AN000533,Negative,kurang bagus bahan nya gerah..tidak melar..ukuran xl nya kecil ckup d badan yg bb 45kg,bagus bahan nya gerah melar ukur xl nya ckup d badan bb 45kg
AN000534,Negative,Gak sesuai,sesuai
AN000535,Negative,"Barang tidak sesuai ,,pesan warna biru datang nya warna puti",barang sesuai pesan warna biru nya warna puti
AN000538,Negative,Kekecilan bos pesan XL datang L,bos pesan xl l
AN000539,Negative,🙏kain kuran bagus,🙏kain kuran bagus
AN000541,Negative,Tidak puas tidak sesuai gambar bahan memang tebal cuma kasar. Minta nya hitam 1 putih 1 malah di kirim hitam semua!,puas sesuai gambar bahan tebal kasar nya hitam 1 putih 1 kirim hitam
AN000543,Negative,Panas bahan nya,panas bahan nya
AN000544,Negative,Tidak memuaskan,muas
AN000545,Negative,"Tidak sesuai dengan yang di foto
Benangnya kasar jarang",sesuai foto benang kasar jarang
AN000547,Negative,Mana kalungnyah kk,kalungnyah kk
AN000548,Negative,"Jelek bahan nya ,udh mahal bahan jelek.",jelek bahan nya udh mahal bahan jelek
AN000549,Negative,"Saya pesen ukuran XL malah sampai sini L 
Ini gimana yg jualan",pesan ukur xl l gimana jual
AN000551,Negative,"Tidak sesuai dengan harapan
Kualitas produk: Biar bintang yang berbicara",sesuai harap kualitas produk biar bintang bicara
AN000552,Negative,Sablon nya kurang nyata kaya burem,sablon nya nyata kaya buram
AN000553,Negative,Aku pesen XL yang datang malah M gimana sih apa gak di cek dulu,pesan xl m gimana sih cek
AN000554,Negative,Bahanya tidak enak di pakai,baha enak pakai
AN000556,Negative,Sebenarnya kurang puas,puas
AN000557,Negative,"Bahan baju jelek ,bahan kaos partai ini mah,,😡",bahan baju jelek bahan kaos partai mah 😡
AN000560,Negative,Bahanya Panas Kirain Bahan Yg adem Mpuk,baha panas bahan adem mpuk
AN000562,Negative,Tidak sesuai gambar,sesuai gambar
AN000566,Negative,Ga sesuai gambar,sesuai gambar
AN000567,Negative,Dasar baju partai anjir,dasar baju partai anjir
AN000568,Negative,Tipis,tipis
AN000570,Negative,Paket nya ga nyampe co gimna ini,paket nya sampe co gimna
AN000571,Negative,Pesen ukuran XL yg Dateng ukuran m,pesan ukur xl dateng ukur m
AN000572,Negative,Kain panas,kain panas
AN000573,Negative,Ukuran terlalu kecil dan barang berbeda dengan foto,ukur barang beda foto
AN000574,Negative,"Baju kurang bagus bahannya panas untuk harga segitu tidak sesuai, gambar sama tp kwalitasnya kurang",baju bagus bahan panas harga gitu sesuai gambar tp kwalitasnya
AN000582,Negative,Barang tidak sesuai,barang sesuai
AN000583,Negative,Ngk ada nyampai baju ku samapi sekrg,ngk baju ku samapi sekrg
AN000584,Negative,Beda warna yg di pilih.yg datang satuwarna,beda warna pilih satuwarna
AN000585,Negative,Kain Tipis Transparan,kain tipis transparan
AN000586,Negative,Di gambar ajah kaya bagus pas Dateng ga sesuai,gambar ajah kaya bagus pas dateng sesuai
AN000587,Negative,"Salah pengiriman barang,minta nya apa di kirim apa",salah kirim barang nya kirim
AN000588,Negative,"Bahan jelek,tipid,panas.Benar2 menyesal belinya😒😒",bahan jelek tipid panas benar2 sesal belinya😒😒
AN000589,Negative,Kecewa GK sesuai,kecewa sesuai
AN000590,Negative,"sablon nya luntur
Kualitas produk: b aja",sablon nya luntur kualitas produk b aja
AN000591,Negative,Bahanya tipis😩,baha tipis😩
AN000592,Negative,Jelek untuk harga segitu harusnya lebih bagus lagi,jelek harga gitu bagus
AN000593,Negative,Bahan panas,bahan panas
AN000594,Negative,Gk sesuai sama sekali,sesuai
AN000597,Negative,Sangat  mengecewakan tidak sesuai dengan Poto..,kecewa sesuai poto
AN000598,Negative,Tidak sesuai dengan gambar,sesuai gambar
AN000599,Negative,Tidak sesuai dengan gambar,sesuai gambar
AN000600,Negative,jlek ujuran dh xl tetep kecil,jlek ujuran dh xl
AN000602,Negative,Beli 4pcs satu pun nggak ada yg sesuai gambar. Bahannya saringan teh semua. Nggak jelas!.,beli 4pcs sesuai gambar bahan saring teh
AN000603,Negative,Beli 4pcs satu pun nggak ada yg sesuai gambar. Bahannya saringan teh semua. Nggak jelas!.,beli 4pcs sesuai gambar bahan saring teh
AN000604,Negative,"Baju ga sesuai, kegedean dan warna salah anak saya jadi ga mau pke",baju sesuai gede warna salah anak pke
AN000605,Negative,Tidak sesuai ukuran,sesuai ukur
AN000606,Negative,Tidak sesuai ukuran,sesuai ukur
AN000607,Negative,"Saya pesan l datang nya m, manalah muat sama anak saya. Lebih teliti lagi kk",pesan l nya m muat anak teliti kk
AN000609,Negative,"Jangan beli d sini d foto sama yg d kirim beda buruk bener"" buruk",beli d d foto d kirim beda buruk buruk
AN000610,Negative,Tidak sesuai..........,sesuai
AO000242,Negative,barang yg dikirim tdk sesuai dengan foto,barang kirim sesuai foto
AO000243,Negative,"Bahannya jelek, pakaian tidak sesuai dengan ukuran baju",bahan jelek pakai sesuai ukur baju
AO000246,Negative,Bahan panas bener. Untuk sablonan ok.,bahan panas sablon ok
AO000247,Negative,Ukuran tidak sesua XXL kaya L,ukur sesua xxl kaya l
AO000251,Negative,bagus sesuai pesanan,bagus sesuai pesan
AO000252,Negative,bahan ***,bahan
AO000255,Negative,sablon nanya gak tahan lama,sablon nanya tahan
AO000256,Negative,"bahannya sangat tidak nyaman di pakai,sangat kasar.",bahan nyaman pakai kasar
AO000258,Negative,Kualitas bahan kurang bagus,kualitas bahan bagus
AO000260,Negative,jauh dari harapan bahannya,harap bahan
AO000261,Negative,tipis,tipis
AO000263,Negative,******* copet orang apa baju saya,copet orang baju
AO000264,Negative,kain dari bahan kaos partai atau sejenisnya. gak nyerep keringat dan panas.,kain bahan kaos partai jenis serap keringat panas
AO000265,Negative,size XXL nya seperti size L,size xxl nya size l
AO000266,Negative,baju sabolan gambar nepel/warna lutur,baju sabolan gambar nepel warna lutur
AO000267,Negative,beli yg hitam dikirim putih,beli hitam kirim putih
AO000268,Negative,ditingkatkan kembali kualitas produk agar customer merasa puas😡,tingkat kualitas produk customer puas😡
AO000270,Negative,bahan kaos dan jahitan seperti kaos partai.Bikin kapok pembeli,bahan kaos jahit kaos partai bikin kapok beli
AO000273,Negative,"bahan jelas bkn baby terry,ini lbh ke hyget puring yg buat bahan kaos partai dgn kualitas yg paling murah,sdh tipis...panas pula...mulai foto sama deskripsi sangat beda d...",bahan bkn baby terry lbh hyget puring bahan kaos partai dgn kualitas murah sdh tipis panas foto deskripsi beda d
AO000274,Negative,"di toko pidia,mahal gk pa2 tp kainnya agak enak di pakai,dr pd murah,mau pakai  gk PD",toko pidia mahal pa2 tp kain enak pakai dr pd murah pakai pd
AO000275,Negative,tipis bahan kasar panas tdk sesuai harapan dengan harga yg lumayan,tipis bahan kasar panas sesuai harap harga lumayan
AO000276,Negative,bahan tipis,bahan tipis
AP000239,Negative,Baju nya salah custom foto,baju nya salah custom foto
AP000242,Negative,"Masa saya pesan dua yang datang malah 2 resi dengan harga yang berbeda,yang satu 40rp yang satu 85rp padahal barang sama,agak lain lama lama",pesan 2 resi harga beda 40rp 85rp barang
AP000244,Negative,Nama ny  salah di buat mereka,nama ny salah
AP000245,Negative,Bagus banget bahan nya aku suka,bagus banget bahan nya suka
AP000246,Negative,Maksihh bnyak ya kak seneng mesen di sini bajunya bagus,maksihh bnyak iya kak neng memesen baju bagus
AP000247,Negative,bajunya tipis gambar nya gampang luntur,baju tipis gambar nya gampang luntur
AP000248,Negative,jelek ga sesuai saya request nama gd namanya ftonya miring,jelek sesuai request nama gd nama ftonya miring
AP000253,Negative,"Sbelumnya saya Sebagai pihak yang membeli produk sangat kecewa karena barang tidak sesuai yang di Beli, makanya ini jadi perhatian bagi yang menjual produk tersebut, seme...",sbelumnya beli produk kecewa barang sesuai beli perhati jual produk seme
AP000254,Negative,Tipis jelek,tipis jelek
AP000258,Negative,Bagus tpi warna kata katanya warna pink padahal buat suami saya bukan buat saya,bagus tpi warna warna pink suami
AP000259,Negative,Sablon nya licin refund,sablon nya licin refund
AQ000255,Negative,"Toko ini penipu,barang tidak sesuai di kirim",toko tipu barang sesuai kirim
AQ000259,Negative,Logo di video saya beda dengan yg di iklan,logo video beda iklan
AQ000260,Negative,Mainny agk kasar yh.. Gk lembut... Pdhl harga segitu sehrusny mainny lembut dn  gk berbulu,mainny agk kasar yh lembut pdhl harga gitu sehrusny memainny lembut dn bulu
AQ000263,Negative,Kecewa bngtt aku pesen L knp yg dtng xl,kecewa bngtt pesan l knp dtng xl
AQ000264,Negative,Bahan nya bagus cuma ada cacat nyo.,bahan nya bagus cacat nyo
AQ000265,Negative,Kaos tipis ga sesuai,kaos tipis sesuai
AR000505,Negative,Bahan ya jelek tipis dan ngak cocok ukuran ya xl nya kecil kecewa aku belinya mana kurirnya ngembaliin uang sisanya kurang 10 rb jadi aku balah bayar 41 dari harga 31 ng...,bahan iya jelek tipis kak cocok ukur iya xl nya kecewa beli kurir uang sisa 10 rb balah bayar 41 harga 31 ng
AR000506,Negative,Size XL kekecilan di BB saya 65 sya pikir besar eh ternyata kekecilan.tipis sih tapi lumayan adem di pkek,size xl bb 65 sya pikir eh nyata tipis sih lumayan adem pkek
AR000507,Negative,"Kecewa bajunya tdk bagus, bahannya tipis, dan panas. Bajunya seharga 15k di pasar.. 😒😒😒😒😒",kecewa baju bagus bahan tipis panas baju harga 15k pasar 😒😒😒😒😒
AR000508,Negative,Pesanan ku udah datang bahan nya bagus  cuma sy pesen ukuran XL tapi sayang kecil,pesan ku udah bahan nya bagus sy pesan ukur xl sayang
AR000509,Negative,"Kirain ukuran L nya gede,ko kecil ya
Sesuai dengan harga",ukur l nya gede ko iya sesuai harga
AR000510,Negative,"Sy tanya bb 50 di blg pake M nyata nya kekecilan mba, ga bs ke pake Mletet bget.",sy bb 50 blg pake m nyata nya mba bs pake mletet bget
AR000511,Negative,"Komen jujur
Nyesel beli kaos disini harga 35 kayak harga 15 ribu tipis banget nrawang juga ☹️😭",koman jujur sesal beli kaos harga 35 kayak harga 15 ribu tipis banget nrawang ☹️😭
AR000512,Negative,Tumben beli baju kualitasnya tidak bagus nyesel sekali mahal LG ternyata datangnya zonk,tumben beli baju kualitas bagus sesal mahal lg nyata zonk
AR000514,Negative,"Barang udah datang,tapi sayang gak suka bahan nya.dan warna nya kox sama",barang udah sayang suka bahan nya warna nya kox
AR000515,Negative,bagus sih cuma agak kecewa tidak sesuai gambar,bagus sih kecewa sesuai gambar
AR000517,Negative,Jelek betul gc jelas mn tipis gx lagi2 beli,jelek gc mn tipis gx lagi2 beli
AR000518,Negative,"Baru pesen 1x sdh gk amanah ini toko, pesen lengan pendek kok dkrim lgn pnjng, bikin kecewa",pesan 1x sdh amanah toko pesan lengan pendek dkrim lgn pnjng bikin kecewa
AR000520,Negative,Tipis gak sama kayak yg di gambar,tipis kayak gambar
AR000521,Negative,Maaf kain tipis sesuai dengan harga lah,maaf kain tipis sesuai harga
AR000522,Negative,Ga sama ukurannya,ukur
AR000523,Negative,Sangat kecewa tidak sesuai di gambar,kecewa sesuai gambar
AR000524,Negative,brg yg dtg tdk sesuai gambar...,brg dtg sesuai gambar
AR000525,Negative,"Saya slh pilih size,sempit size L",slh pilih size sempit size l
AR000526,Negative,Pesan warna hitam.. D kirimnya warnanya kaki😔😔,pesan warna hitam d kirim warna kaki😔😔
AR000527,Negative,"Bahan nya tipiss,dan panas",bahan nya tipiss panas
AR000528,Negative,Tipis banget,tipis banget
AR000529,Negative,Jlk ah panas bahan nya,jlk ah panas bahan nya
AR000530,Negative,Bahan adem cakep saya suka,bahan adem cakep suka
AT000124,Negative,TIDAK SESUAI GAMBAR,sesuai gambar
AT000126,Negative,"Mon maaf ya saya sebagai konsumen mengkritik produk anda karena jujur saya sangat kecewa dengan barang ini, mulai dari kerah, kemudian resleting, dan jaitan bajunya kuran...",mon maaf iya konsumen kritik produk jujur kecewa barang kerah resleting jait baju kuran
AT000127,Negative,kecewa padahal mintak warna putih aduhh,kecewa mintak warna putih aduhh
AU000164,Negative,Ukurannya gajelas kadang satu pas badan 2 lagi ke kecilan.,ukur gajelas kadang pas badan 2
AU000165,Negative,"Barang yg dikirim tidak sesuai ,,di live baju nya kelihatan bagus bahannya pas nyampe beda banget dengan ekspektasi,,segi warna pun salah minta nya warna hitam dikirim pu...",barang kirim sesuai live baju nya lihat bagus bahan pas sampe beda banget ekspektas segi warna salah nya warna hitam kirim pu
AU000167,Negative,"Kualitas produk: Jelek, mesan nya xxl yang di kirim seri kecil. Ga teliti nih yang jual kecewa terlalu berekspetasi tinggi, buat teman-teman cari seller yang teliti aja d...",kualitas produk jelek mesan nya xxl kirim seri teliti jual kecewa berekspetasi teman teman cari ller teliti aja d
AU000168,Negative,"Knpa yg dikirim size L
Ga kepake ini bajunya.",knpa kirim size l pake baju
AU000169,Negative,bahanya tipis sama ukuran nya xl tapi kekecilan,baha tipis ukur nya xl
AU000170,Negative,bahan tidak nyaman,bahan nyaman
AU000171,Negative,jlk,jlk
AU000172,Negative,Pilih UK M tpi yg dtng bkn UK M,pilih uk m tpi dtng bkn uk m
AU000173,Negative,"BAJU OKE SESUAI...
PENGIRIMAN KEK TOLOL LAMBAT",baju oke sesuai kirim kek tolol lambat
AU000174,Negative,"Ukuran kebesaran M seperti L, gak tau mereka salah kasi ukuran atau ukuran ny memang begini",ukur m l tau salah kasi ukur ukur ny
AU000175,Negative,Bajunya bagus,baju bagus
AU000177,Negative,"Bahan tidak bagus, melar sebelum dipakek",bahan bagus melar pakek
AU000178,Negative,Tidak sesual pesanan/dikasih brg  yg lain,sual pesan kasih brg
AU000179,Negative,Bad bad bad,bad bad bad
AU000180,Negative,"Bahannya jelek bikin gatel pas di buka bungkus nya bahannya baju nya bau, jahitan kurang rapi, serta ukuran XL nya kekecilan, jadi tolong tingkat kan kwalitas nya",bahan jelek bikin gatal pas buka bungkus nya bahan baju nya bau jahit rapi ukur xl nya tolong tingkat kwalitas nya
AV000110,Negative,Model nya gk banget,model nya banget
AV000113,Negative,Tipis,tipis
AV000116,Negative,"Tipis dan panas, gak sesuai sama vidio strip putihnya jg nerawang keliatan pentilnya",tipis panas sesuai vidio strip putih jg terawang liat pentil
AV000118,Negative,Di kira tebel bahannya teranya tipis mana putihnya kaya belel,tebal bahan tera tipis putih kaya belel
AV000119,Negative,Tipis dan panas,tipis panas
AW000151,Negative,Jelek bahanya tidak bagus trus kebesaran ini mah bukan all size,jelek baha bagus trus mah all size
AW000153,Negative,Pesan 1 baju kenapa datangnya 3?,pesan 1 baju 3
AW000154,Negative,Barang di gambar dengan yg tiba sangat ber bedaa 😭😭,barang gambar ber bedaa 😭😭
AW000155,Negative,Gambar dengan barang yg datang sangat ber bedaa😭🙏🏻,gambar barang ber bedaa😭🙏🏻
AW000156,Negative,Gambar sama barang yang datang benar2 sangat ber beda 😭🙏🏻,gambar barang nar2 ber beda 😭🙏🏻
AW000157,Negative,Kebesarannn pollll,kebesarannn pollll
AW000158,Negative,Ngak sesuai yg datang,kak sesuai
AW000160,Negative,Paket sudah sampe bahan bagus cuma ukuran nya kegedean,paket sampe bahan bagus ukur nya gede
AW000161,Negative,Ini bagus banget sumpah sesuai lah harga segitu barang nya bagus🥰👌,bagus banget sumpah sesuai harga gitu barang nya bagus🥰👌
AW000162,Negative,Tidak sesuai ekspektasi jauh beda dengan yg di foto atau iklan,sesuai ekspektas beda foto iklan
AW000163,Negative,Beda sma foto trus warnanya juga,beda sma foto trus warna
AW000165,Negative,Kegedean dan panjang,gede
AX000318,Negative,Tipis banget,tipis banget
AX000319,Negative,Hancur,hancur
AX000320,Negative,Bajunya ga enak di pake panas ukuran panjngnya kaya 68 pendek,baju enak pake panas ukur panjngnya kaya 68 pendek
AX000322,Negative,"Untuk ukuran xl kurang besar kk kekecilan,mohon di upgrade lagi untuk ukuran xl nya",ukur xl kk mohon upgrade ukur xl nya
AX000323,Negative,Baju ny ga sesuai pesanan! Psen ny wrna apa yg dteng wrna apa!,baju ny sesuai pesan psen ny wrna dteng wrna
AX000325,Negative,Bhn tipis dan kebesaran,bhn tipis
AX000326,Negative,Bahan nya jelek nyeselllll bgt sumpah,bahan nya jelek nyeselllll banget sumpah
AX000327,Negative,"Paket ga sesuai expetasi,masa datang beda sama yang di foto tag nya pun ngga ada:(",paket sesuai expetas beda foto tag nya
AX000328,Negative,Ukuran nya kurang sesuai,ukur nya sesuai
AX000329,Negative,Order size XL sama XXL dikirimnya M sama XXL kecewa,order size xl xxl kirim m xxl kecewa
AX000331,Negative,Jelek,jelek
AX000332,Negative,sm tipis juga kecewa poko ya,sm tipis kecewa poko iya
AY000041,Negative,"Baju nya sesuai  
Cuma sya kecewa bli 3 dtang 2 padahal harga ttp sama",baju nya sesuai sya kecewa bli 3 dtang 2 harga ttp
AY000044,Negative,Jelek bahannya tipis,jelek bahan tipis
AY000046,Negative,jelek,jelek
AY000047,Negative,Harga 40 lebih bahannya tipis bnget nerawang lama lagi pengiriman nya kesel,harga 40 bahan tipis bnget terawang kirim nya kesel
AY000048,Negative,Kualitas produk: jelek,kualitas produk jelek
AY000049,Negative,"hitamnya pudarr, di bagian belakang ada noda putih di warna hitamnya",hitam pudarr noda putih warna hitam
AY000050,Negative,Bahanx tipis,bahanx tipis
AZ000042,Negative,TK sesuai dgn sya pesan dn di foto,tk sesuai dgn sya pesan dn foto
AZ000044,Negative,gimn pesen warna apa yank dateng warna apa,gimn pesan warna yank dateng warna
AZ000045,Negative,kain tipis kwalitas mins alias jlek TDK sesuai harga persis kain lap dapur,kain tipis kwalitas mins alias jlek sesuai harga persis kain lap dapur
AZ000046,Negative,Bahan nya ngak bagus,bahan nya kak bagus
B000502,Negative,Bahan lumayan adem,bahan lumayan adem
B000505,Negative,Kecil banget baju nya,banget baju nya
B000507,Negative,Ku kira tebal teryata tipis,ku tebal teryata tipis
B000508,Negative,Tipis,tipis
B000509,Negative,tdk ada warna hitamnya,warna hitam
B000510,Negative,Bahannya tidak sesuai dengan iklannya yg berbahan melar,bahan sesuai iklan bahan melar
B000511,Negative,Warna tidak sesuai yg di poto,warna sesuai poto
B000513,Negative,"Udah sampai TPI blom dicoba semoga adem
Kualitas produk: Kurang jujur saja penjual nya bagan emng tidak tipis tapi gatal dan panas...",udah tpi blom coba moga adem kualitas produk jujur jual nya bagan emng tipis gatal panas
B000514,Negative,Kualitas produk: Kualitas produk kayaknya bukan 24 S kok tipis skali kayak 30 s. Cuma lumayan lah harga segitu,kualitas produk kualitas produk kayak 24 s tipis skali kayak 30 s lumayan harga gitu
B000515,Negative,Kualitas produk: tidak sesui yg di lihat produknya jelek bggtt,kualitas produk sesui lihat produk jelek bggtt
B000516,Negative,"Baju kaosx  cantik² enak bahanx dipake,dingin...mkciih🥰🙏",baju kaosx cantik² enak bahanx pake dingin mkciih🥰🙏
B000517,Negative,Nda sesuai warna sma baju yg di pasarkan,nda sesuai warna sma baju pasar
B000521,Negative,bahan panas,bahan panas
B000522,Negative,"Pada hal waktu live minta bonusnya sama warna, ternyata kirim beda warna",live bonus warna nyata kirim beda warna
B000523,Negative,Bonusnya dapat beda warna,bonus beda warna
B000524,Negative,"Bajunya tidak sesuai gambar dan mengecewakan
Di live yang di perlihatkan tebal yah pas udah sampai tipis dan tidak bagus lagi warnanya..",baju sesuai gambar kecewa live lihat tebal yah pas udah tipis bagus warna
B000525,Negative,TIDAK sesuai yg dikirim saya pesan Ukuran M dia kirim S,sesuai kirim pesan ukur m kirim s
B000527,Negative,Tidak sesuai deskripsi kain terlalu tipis,sesuai deskripsi kain tipis
B000528,Negative,Ukuran L nya kecil banget??,ukur l nya banget
B000532,Negative,Tidak sesuai reques warna. Dpt warna yg tdk selera,sesuai reques warna dpt warna selera
B000533,Negative,"Pilih warna cowok. 
datangnya tidak sesuai warna yg dicontoh. 
6 baju dtg 3warna saja, jadi kecewa. Terpaksa kasih 1* saja.",pilih warna cowok sesuai warna contoh 6 baju dtg 3warna kecewa paksa kasih 1
B000534,Negative,"Bahan nya jelek,gk lagi2 lah tergiur sama produk online",bahan nya jelek lagi2 giur produk online
B000535,Negative,Bahan panas,bahan panas
B000536,Negative,"Sangat tidak rekomen, jgn mw tertipu, yg d pesan Ukuran lain yg dtg ukuran lain. Kirim barang gg sesuai pesanan pelanggan dan tidak amanah",rekomen jgn tipu d pesan ukur dtg ukur kirim barang gg sesuai pesan pelangg amanah
B000537,Negative,Ga dinkasi warnah hitam putih nya terus ukuran ga sesuai mungkin XL ini bukan dabel xxl,dinkasi warnah hitam putih nya ukur sesuai xl dabal xxl
B000543,Negative,"Gak sesuai  SM yg kau promosikan,kecewa
Kualitas produk: Kurang",sesuai sm kau promosi kecewa kualitas produk
B000544,Negative,Bahan jelek sesuai harga,bahan jelek sesuai harga
B000547,Negative,Tidak sesuai  di gambar megecewakan kainya panas gatal di pake,sesuai gambar megecewakan kai panas gatal pake
B000548,Negative,Bos yg dipesan XXL kok yg dikirim xl,bos dipes xxl kirim xl
B000549,Negative,"Kaosnya yg sampai cmn 5 picc,, dah kecewa aku",kaos cmn 5 picc dah kecewa
B000550,Negative,"Baju kampanye, puanasss bahannya😁😁😁",baju kampanye puanasss bahannya😁😁😁
B000551,Negative,Warna tidak sesuai sangat kecewa jelek,warna sesuai kecewa jelek
B000552,Negative,Tidak sesuai dengan bahannya jelek,sesuai bahan jelek
B000553,Negative,Katanya 6 pcs tapi yang sampai cm 5 pcs,6 pcs cm 5 pcs
B000554,Negative,"Gak sesuai, JELEK SKALI",sesuai jelek skali
B000555,Negative,Bahanya bagus tapi saya pesan hitam 3 putih 3 tapi yg sampai putih semua ya,baha bagus pesan hitam 3 putih 3 putih iya
B000556,Negative,Tipis kaosnya,tipis kaos
B000558,Negative,"Tifak seauai dengan video promonya
produk penipuan",tifak seauai video promonya produk tipu
B000559,Negative,kurang bagus,bagus
B000560,Negative,"Lama tibanya,",
B000562,Negative,Pengiriman lambat katanya tgl 4 udah datang  mlah tgl 5 baru datang,kirim lambat tgl 4 udah mam tgl 5
B000563,Negative,Bahannya panas nggak nyerap keringat 🙏,bahan panas serap keringat 🙏
B000564,Negative,Tidak sesuai dengan gambar,sesuai gambar
B000565,Negative,bahannya kurang menyerap keringat,bahan serap keringat
B000566,Negative,"Saya kirain itu ukuran m itu besar ternyata kecil bajunya terlalu ngepas di badan saya, BB 56 seharusnya ngambil ukuran L",ukur m nyata baju pas badan bb 56 ambil ukur l
B000568,Negative,Kenapa puti semu kirim,puti semu kirim
B000570,Negative,XL nya ternyata kecil,xl nya nyata
B000572,Negative,Barang tidak sesuai harapan,barang sesuai harap
B000573,Negative,"Barang tidak sesuai dengan pesanan, pesan ukuran L yang datang XL",barang sesuai pesan pesan ukur l xl
B000577,Negative,Tipis bukan cotton combat 24s,tipis cotton combat 24s
B000580,Negative,Bahan nya jellek bikin panas gatal dan bau apekk,bahan nya jellek bikin panas gatal bau apekk
B000581,Negative,"Mendarat dngn baik, sayang ga ada yg warna hitam , warna cwe smua ahir nya di kasi ke ade ajah",darat dngn sayang warna hitam warna cwe smua ahir nya kasi ade ajah
B000582,Negative,"Tidak sesuai ko combed 30,bukan 24 saya juga ngerti bahan sangat kecewa",sesuai ko combed 30 24 rti bahan kecewa
B000583,Negative,GK muat .kekecilan😫😫,muat kekecilan😫😫
B000584,Negative,Bahannya panas ga nyerap keringet,bahan panas serap ringet
B000586,Negative,"pesen warna gelap, di resi pun tulisannya warna gelap. isinya warna terang semua, suamiku marah2. not recomended seller",pesan warna gelap resi tulis warna gelap isi warna terang suami marah2 not recomended ller
B000587,Negative,"Kurang 1 pcs yang L
Kualitas produk: Bagus, sesuai",1 pcs l kualitas produk bagus sesuai
B000591,Negative,Belum request warna tpi udah di kirim,request warna tpi udah kirim
B000593,Negative,minta coklat susu malah dikasih coklat tua gajelas,coklat susu kasih coklat tua gajelas
B000594,Negative,Jelek bahannya tipis bgt bikin gerah,jelek bahan tipis banget bikin gerah
B000595,Negative,Bahan tipis,bahan tipis
B000597,Negative,Kwalitaa kain beda   dg iklan,kwalitaa kain beda dg iklan
B000598,Negative,Lumayan lh,lumayan lh
B000601,Negative,Panas,panas
B000603,Negative,Tipis,tipis
B000604,Negative,Barang nya bagus TPI warna putih nya ngk ada,barang nya bagus tpi warna putih nya ngk
B000605,Negative,"Ukuean xl tp kecil, kaos tipis nerawang",ukuean xl tp kaos tipis terawang
B000607,Negative,"Saya pikir bajunya katun, ternyata bahannya panas dan menurut saya tidak bagus sama sekali",pikir baju katun nyata bahan panas bagus
B000610,Negative,"Kain jelek tdk menyerap keringat
Tdk akan pesan lagi d dsni",kain jelek serap keringat pesan d dsni
B000612,Negative,tipis,tipis
B000614,Negative,"Bajunya buruk sekali, bahan nya panas",baju buruk bahan nya panas
B000616,Negative,ok mntp,ok mntp
B000619,Negative,Bahan nyaa tipis. Dan tidak sesuai dengan bahan 24s,bahan saa tipis sesuai bahan 24s
B000621,Negative,Tipis banget,tipis banget
B000622,Negative,Gak paham dah . Minta warna gelap dikirim terang semuaaaaa🤬🤬🤬🤬,paham dah warna gelap kirim terang semuaaaaa🤬🤬🤬🤬
B000623,Negative,Yang datang cuma 5pcs,5pcs
B000624,Negative,Kenapa gak ada warna hitam nya min ?,warna hitam nya min
B000628,Negative,"Saya pesan XxL yg datang XL baju,, kekecllan ,, sangat kecewa",pesan xxl xl baju kekecllan kecewa
B000629,Negative,Warna nya cerah yg dikirim,warna nya cerah kirim
B000631,Negative,Kecil tidak sesuai ukuran,sesuai ukur
B000636,Negative,Tidak di comfrom warna apa saja,comfrom warna
B000637,Negative,Bahan panas 10 ribuan,bahan panas 10 ribu
B000639,Negative,minta warna gelap yg dikirim ada ijo pink hadeh,warna gelap kirim ijo pink hadeh
B000642,Negative,Warnanya gonjreng klii 🥲🥲🥲🥲🥲🥲🥲🥲🥲,warna gonjreng klii 🥲🥲🥲🥲🥲🥲🥲🥲🥲
B000643,Negative,"kecil banget, ini beneran M atau S ya",banget m s iya
B000645,Negative,Pesan satu wrna marun semua knapa dtang ny random wrna nya mohon konfirmasi nya,pesan wrna parun knapa dtang ny random wrna nya mohon konfirmasi nya
B000647,Negative,"Gada warna hitam, bilangnya di live dapat warna hitam
Tapi yg dikirim warna cerah semua",gada warna hitam bilang live warna hitam kirim warna cerah
B000648,Negative,"Aku pesan warna cowo ko dtng nya kaya warna cewe yg aku pesan kemaren 


Nga sesuai bangat warnanya 
Udah pesan beulang2 baru kali ini mengecewakan🤨",pesan warna cowo ko dtng nya kaya warna cewe pesan maren sesuai bangat warna udah pesan beulang2 kali mengecewakan🤨
B000653,Negative,Kaos jelek tdk sesuai di tik tok,kaos jelek sesuai tik tok
B000654,Negative,Bahannya kurang agak trawang yang putih,bahan trawang putih
B000656,Negative,"yg katanya 24s,mlh 30s
mana ad 200gsm tipis bet,yg amanah kak klw jualan",24s mlh 30s ad 200gsm tipis bet amanah kak klw jual
B000657,Negative,Ga sesuai ekspetasi,sesuai ekspetas
B000658,Negative,"Agak mengecewakan karena ga sesuai dengan deskripsi paket order yg ditawarkan,saya memilih paket warna terang tp yg datang ga sesuai deskripsi paket order.",kecewa sesuai deskripsi paket order tawar pilih paket warna terang tp sesuai deskripsi paket order
B000660,Negative,Warna tidak sesuai,warna sesuai
B000662,Negative,Bahan kaos nya gerah tidak menyerap keringat,bahan kaos nya gerah serap keringat
B000663,Negative,Bahas tipis sekali warna dikasih warna gelap,bahas tipis warna kasih warna gelap
B000664,Negative,UNTUK UKURAN XXL LAKI LAKI INI SANGAT KECIL SEKALI,ukur xxl laki laki
B000666,Negative,Pesen ya XL di kirim L jadi ngak ke pakai ...,pesan iya xl kirim l kak pakai
B000669,Negative,Di live katnya bahannya bagus tidak nerawang pas barang nya datang bajunya nerawang bangat dan ukuran M nya kayak ukuran anak kecil,live katnya bahan bagus terawang pas barang nya baju terawang bangat ukur m nya kayak ukur anak
B000672,Negative,Barang sesuai harga,barang sesuai harga
B000673,Negative,"Gua beli buat sampel live TikTok
Mesan hitam 1  malah gak dikirim,, gak bsa di ajak kerja sama banget ni toko",gue beli sampel live tiktok mesan hitam 1 kirim bsa ajak kerja banget toko
B000677,Negative,Ga sesuai post,sesuai post
B000678,Negative,Kaosnya tipis bgt,kaos tipis banget
B000679,Negative,"Bahan nya jelek bgt, oke ga heran sih murah",bahan nya jelek banget oke heran sih murah
B000680,Negative,bahan tipis tdk sesuai expetasi,bahan tipis sesuai expetas
B000681,Negative,"jahitan asal asalan, jelek lengan kanan tidak bisa masuk, jahitan tidak pas di ketiak, sortiran kali ya
Kualitas produk: jelek",jahit jelek lengan kanan masuk jahit pas ketiak sortir kali iya kualitas produk jelek
B000683,Negative,warna gelap tpi g ada item hahaha plus ad yg terang puol 3 baju,warna gelap tpi item hahaha plus ad terang puol 3 baju
B000688,Negative,B aja,b aja
B000689,Negative,Request warna gk dibaca,request warna baca
B000690,Negative,"Baju nya jelek,tipis kemakan iklan doang😡",baju nya jelek tipis makan iklan doang😡
B000691,Negative,"jahitan asal asalan, jelek lengan kanan tidak bisa masuk, jahitan tidak pas di ketiak, sortiran kali ya
Kualitas produk: jelek",jahit jelek lengan kanan masuk jahit pas ketiak sortir kali iya kualitas produk jelek
B000693,Negative,warna gelap tpi g ada item hahaha plus ad yg terang puol 3 baju,warna gelap tpi item hahaha plus ad terang puol 3 baju
B000698,Negative,B aja,b aja
B000699,Negative,Request warna gk dibaca,request warna baca
B000700,Negative,"Baju nya jelek,tipis kemakan iklan doang😡",baju nya jelek tipis makan iklan doang😡
B000701,Negative,Kiraiin m besar kayk di kolom komentar gak tau ny m kecil banget..hadehhhh,kirai m kayk kolom komentar tau ny m banget hadehhhh
B000705,Negative,Kecewa warna egk sesuai dengan yg di pesan/ tdk amanah,kecewa warna egk sesuai pesan amanah
B000706,Negative,Kenapa paketnya cuma ada 5pcs? Katanya 6pcs,paket 5pcs 6pcs
B000709,Negative,Bikin kecewa aja,bikin kecewa aja
B000711,Negative,Jelek bahan x tipis. KAYA BAJU OBRAL,jelek bahan x tipis kaya baju obral
B000712,Negative,"Setidak nya kaos , bukan kardus yg dikirim. Masih bintang dua.
Tidak sesuai dengan LIVE ,Bilang bahan tebal datang TIPIS dan bahan GERAH , tidak amanah . 
Mmg si 100rb is...",nya kaos kardus kirim bintang sesuai live bilang bahan tebal tipis bahan gerah amanah mmg si 100rb is
B000714,Negative,Bahan apaan ini,bahan
B000715,Negative,Katanya 100 ribu uaktu datang paket di harga 122000,100 ribu uaktu paket harga 122000
B000716,Negative,"Bahannya agak tipis, ada jahitan benang lebih",bahan tipis jahit benang
B000717,Negative,Lama pengiriman,kirim
B000718,Negative,Bagus,bagus
B000719,Negative,Bahan tipis dan panas,bahan tipis panas
B000720,Negative,Bahan tipis dan panas,bahan tipis panas
B000721,Negative,Kainya panas & ukuran M nya gak normal terlalu kecil di badanku,kai panas ukur m nya normal badan
B000722,Negative,Gak sesuia,sesuia
B000723,Negative,Minta warna gelap malah warna terang semua aduh gimana ini min,warna gelap warna terang aduh gimana min
B000724,Negative,"Kecewa,, suruh yang polos putih semua, eh malah kaos nya warna warni,, lihat dong pesannya",kecewa suruh polos putih eh kaos nya warna warni lihat pesan
B000728,Negative,tidak sesuai titik,sesuai titik
B000730,Negative,"Baju nggak sesuai live , dasar baju tipis seperti kaos partai yang mau kampanye parah yang jual penipu",baju sesuai live dasar baju tipis kaos partai kampanye parah jual tipu
B000732,Negative,Kualitas produk: buruk,kualitas produk buruk
B000733,Negative,Tidak sama kayak yg di spil kata nya Gk narawang INI KO mlah narawang,kayak spil nya narawang ko mam menarawang
B000735,Negative,Saya suruh kasi warna hitam Mlah GK ada warna hitam,suruh kasi warna hitam mam warna hitam
B000736,Negative,"gak sesuai sama yg di live , bahan nya tipis kaya kaos partai , sangat kecewa dengan kualitas nya",sesuai live bahan nya tipis kaya kaos partai kecewa kualitas nya
B000737,Negative,Warna nya ga ada yg hitam,warna nya hitam
B000738,Negative,"Sukak sih cuman bahanya gk terlalu lembut 
Tpi pas lh dengan harga segitu",sukak sih cuman baha lembut tpi pas lh harga gitu
B000741,Negative,"Bahan kaos partai, lagi beli pas bulan puasa bahan bagus ini pembelian ke 3x mengecewakan",bahan kaos partai beli pas puasa bahan bagus beli 3x kecewa
B000742,Negative,Orang psan putih 4 hitam dua yang dtang putih semua,orang psan putih 4 hitam dtang putih
B000743,Negative,barang tidak sesuai dgn request warna. toko ga amanah!,barang sesuai dgn request warna toko amanah
B000744,Negative,"Barangnya telat sampai, udah lewat estimasi waktu.
Request warna gelap malah dapat yang terang.",barang telat udah estimasi request warna gelap terang
B000745,Negative,"Kecewa nih
Baru di cuci 1 x jahitan nya dah brudul",kecewa cuci 1 x jahit nya dah brudul
B000747,Negative,Pesan warna gelap kok ada warna putih 😂😂😂😂😂😂,pesan warna gelap warna putih 😂😂😂😂😂😂
B000748,Negative,Kaos bagus...   puas lah pokok nya,kaos bagus puas pokok nya
BA000275,Negative,jahitan di lengan ga bagus,jahit lengan bagus
BA000277,Negative,Jelekk,jelekk
BA000279,Negative,"bahan kualitas jelek,  jahitan kurang rapi,, kecewa sekali dengan produk ini",bahan kualitas jelek jahit rapi kecewa produk
BA000284,Negative,Bahan tipis banget,bahan tipis banget
BA000287,Negative,"Mendingan jangan beli pas live , percuma admin live ngasi tau ambil ukuran apa , pas datang gak sesuai malah gak bisa tukar , padahal dari tiktok sendiri sudah memberikan...",mending beli pas live adm live asi tau ambil ukur pas sesuai tukar tiktok
BA000292,Negative,"tipis, jahitannya jelek",tipis jahit jelek
BA000293,Negative,"ga bisa cancel padahal sblmnya order bisa d cancel utk ganti tipe pesanan bukan nya ga jd beli. 
ga mau rugi bgt sprtinya atau emg lg ngejar sales",cancel sblmnya order d cancel ganti tipe pesan nya jd beli rugi banget sprti emg lg ngejar sales
BA000294,Negative,Jaitan sangat kasar dan ukuran tidak standart serta kain kurang memuaskan,jait kasar ukur standart kain muas
BB000501,Negative,Agus mantap,agus mantap
BB000503,Negative,Sangat kecewa barang tidak muat di pakai .kata nya BB 80 xL tapi sempit🤦🤦,kecewa barang muat pakai nya bb 80 xl sempit🤦🤦
BB000504,Negative,Beli lengan pendek yang datang lengan panjang,beli lengan pendek lengan
BB000506,Negative,Kurir ya slow respon,kurir iya slow respon
BB000512,Negative,Bahan panas/tipis jahitan kurang rapih,bahan panas tipis jahit rapih
BB000520,Negative,"Ukuran XLnya kekecilan, sayang banget gak bisa kepake",ukur xlnya sayang banget pake
BB000524,Negative,Baju nya bagus . Kain nya juga mantap . Datang nya yg lama...,baju nya bagus kain nya mantap nya
BB000525,Negative,"Bahannya jeleekk tidak sesuai di vidio live, sangaat kecewaa jangan ada yang beli lagi gesss",bahan jeleekk sesuai vidio live sangaat cewaa beli gesss
BB000527,Negative,"Bagus ,tapi pengirimannya lama sekali",bagus kirim
BB000529,Negative,Ternyata tipis banget aslinya,nyata tipis banget asli
BB000533,Negative,Tipis,tipis
BB000535,Negative,Kainnya gak bagus diluarnya aja yg bagus tapi di aslinya tipis dan berantakan jaitannya nyesel gue beli,kain bagus aja bagus asli tipis beranta jait sesal gue beli
BB000536,Negative,bahan tipis bgt sangat kurang puas,bahan tipis banget puas
BB000539,Negative,"Ukuran baju beda jauh dengan produk dengan size yang sama di toko ini.
ini lebih kecil dari size produk lain yang dijual",ukur baju beda produk size toko size produk jual
BC000318,Negative,sempit dan gk overzid,sempit overzid
BC000319,Negative,"Potongan tidak rapi, mengecewakan",potong rapi kecewa
BC000320,Negative,Bagus,bagus
BC000321,Negative,Tidak sesuai!,sesuai
BC000322,Negative,Barang kebesaran mau saya kembalikan,barang
BC000323,Negative,Oversize tapi gak oversize,oversize oversize
BC000324,Negative,Oversize tapi gak oversize,oversize oversize
BC000325,Negative,Jahitan nya ada yang lepas bagian leher,jahit nya lepas leher
BD000502,Negative,Barang tidak sesuai dg pesanan,barang sesuai dg pesan
BD000507,Negative,"Pertama saya beli warna abu bahan tebel, dan kain enak dipakai, beli lagi 2 hitam dan putih, bahan jauh banget bedanya dengan yang pertama saya beli, jujur kecewa banget,...",beli warna abu bahan tebal kain enak pakai beli 2 hitam putih bahan banget beda beli jujur kecewa banget
BD000509,Negative,Mohon maaf saya kecewa dgn harga segitu kaos tipis menerawang,mohon maaf kecewa dgn harga gitu kaos tipis terawang
BD000511,Negative,Bahan jelek dan panas,bahan jelek panas
BD000514,Negative,Dua bintang untuk kurir ninja. Sdh sampe lokasi tapi tidak diantar sampe 3 hari..,bintang kurir tinja sdh sampe lokasi sampe 3
BD000516,Negative,Ini panas,panas
BD000520,Negative,ukurannya XXL-nya kecil banget berasa pake ukuran L. Beli item 5 pcs gbs di pake semua,ukur xxl nya banget asa pake ukur l beli item 5 pcs gbs pake
BD000521,Negative,Baju ny ukuran L kecil,baju ny ukur l
BE000501,Negative,bajunya terlalu kecil ngepas di badan 😬😥,baju pas badan 😬😥
BE000504,Negative,"Warna gk sesuai sama sekali, kualitas b aja,jaitan kurg rapi, yermSuk mahal",warna sesuai kualitas b aja jait kurg rapi yermsuk mahal
BE000506,Negative,pilih XXL datang kecil,pilih xxl
BE000507,Negative,"Ukuran XXL, tapi serasa L",ukur xxl serasa l
BE000510,Negative,Size udah besar padahal xL kekecilan😭😭 gimana mau makek nya,size udah xl kekecilan😭😭 gimana makek nya
BE000512,Negative,"Bahan tidak sesuai deskripsi , ini bukan bukan cotton combed 24 tapi katun polister alias semi katun Bhan nya panas di pkai , ini baju 35 an , klo jualan yang jujur , jan...",bahan sesuai deskripsi cotton combed 24 katun polister alias semi katun bhan nya panas pkai baju 35 an jual jujur jan
BE000514,Negative,bahan kurang bagus,bahan bagus
BE000515,Negative,Kurang puas dengan bajunya,puas baju
BE000516,Negative,Bahan semi katun jahitan bordiran bawah kurang rapi,bahan semi katun jahit bordir rapi
BF000502,Negative,Kotor. bahan tipis. terlalu panjang,kotor bahan tipis
BF000507,Negative,Bad,bad
BF000508,Negative,Pnas,pnas
BF000509,Negative,Pesan M yang datang xxl,pesan m xxl
BF000510,Negative,Bahannya tipis banget,bahan tipis banget
BF000511,Negative,Biasa aja dan tipis,aja tipis
BF000513,Negative,Kecewa bgt keterangan nya pas dbuka klw kecil boleh ditukar asal ongkir dtnggung pembeli pas MW ditukar krna kecil toko ny nd mau jdi gak bisa dpakai,kecewa banget terang nya pas dbuka klw tukar ongkir dtnggung beli pas tukar krna toko ny nd jdi dpakai
BF000515,Negative,"Baju nya tidak sesuai yang dipesan putih yang datang warna maron
Sangattt tidak real pick",baju nya sesuai dipes putih warna paron sangattt real pick
BF000516,Negative,Sumpah nyesal beli baju ni tipis nerawang malu mau makai😡😡😡😡😡😡😡,sumpah sesal beli baju tipis terawang malu makai😡😡😡😡😡😡😡
BF000518,Negative,"ga like pesan warna caramel , datang nya warna maron",like pesan warna caramel nya warna paron
BF000521,Negative,"Bahan sangat tipis 
Ukuran XXL juga masih kecil",bahan tipis ukur xxl
BF000529,Negative,"Bahan biasa aja agak tipis  , agak kecewa UK xl kekecilan",bahan aja tipis kecewa uk xl
BF000530,Negative,"Tidak sesuai pesanan ukuran L yang saya pesan 
Yang datang ukuran M",sesuai pesan ukur l pesan ukur m
BF000531,Negative,bahan kasar panas,bahan kasar panas
BF000532,Negative,Kemejanya agak tipis,kemeja tipis
BF000533,Negative,Tipis,tipis
BF000535,Negative,"Toko nya tidak amanah, pesan 1 lengan pendek d kirim lengan panjang semua",toko nya amanah pesan 1 lengan pendek d kirim lengan
BF000536,Negative,"Toko nya tidak amanah, pesan 1 lengan pendek d kirim lengan panjang semua",toko nya amanah pesan 1 lengan pendek d kirim lengan
BF000537,Negative,Lumayan,lumayan
BF000538,Negative,kurang puas karna ternyata bahan tipis bgt ga sesuai harga,puas karna nyata bahan tipis banget sesuai harga
BF000539,Negative,wrna putihnya jelek banget ngg rekomendasi,wrna putih jelek banget ngg rekomendasi
BF000541,Negative,Panas bahannya 🥺,panas bahan 🥺
BF000542,Negative,"L nya kecil bgt untuk bb 60, bahannya panas",l nya banget bb 60 bahan panas
BF000544,Negative,Lumayan bgus,lumayan bgus
BF000546,Negative,Bahan tipis dan panas kecewa sih harga 100rban bahannya nggak sesuai ekspektasi,bahan tipis panas kecewa sih harga 100rb bahan sesuai ekspektas
BF000547,Negative,"Tidak sesuai deskripsi bahan kasar dan panas, terawang banget. 120rb menurut saya kamahalan. Cocoknya 60rban.",sesuai deskripsi bahan kasar panas terawang banget 120rb kamahalan cocok 60rban
BF000549,Negative,Tipis,tipis
BF000550,Negative,Tipis,tipis
BF000552,Negative,Untuk harga segitu sangt tidak rekomend bgt 🥱🥱,harga gitu sangt rekomend banget 🥱🥱
BF000554,Negative,Yang amanah dong ini buat sholat Ied saya pesen warna putih ukuran L datengnya warna coklat ukuran xl kalok memang barangnya habis ya dibatalin ajah gausah kirim barang y...,amanah sholat ied pesan warna putih ukur l dateng warna coklat ukur xl kalok barang habis iya batal ajah gausah kirim barang iya
BG000503,Negative,"Bahannya tipis nerawang,, jaitannya juga kurang rapih.. Dngan harga segitu kemahalan menurut sya",bahan tipis terawang jait rapih dngan harga gitu mahal sya
BG000504,Negative,Bjuyah tipis nerawang,bjuyah tipis terawang
BG000505,Negative,Kain tipis,kain tipis
BG000507,Negative,Pesan kaos merek polo.. Yg dikirim merek lain,pesan kaos merek polo kirim merek
BG000508,Negative,Pesan  merak polo krm merek lain,pesan merak polo krm merek
BG000509,Negative,"Bahan ga bagus, ga nyerap keringat, tipis tembus pandang, jahitan tidak rapi dan simetris",bahan bagus serap keringat tipis tembus pandang jahit rapi simetris
BG000511,Negative,Kain tipis nerawang...sepurane gak sesuai,kain tipis terawang sepurane sesuai
BG000512,Negative,Panas bahanya,panas baha
BG000513,Negative,Tipisnya,tipis
BG000514,Negative,Bahan nya gampang bau gak rekomendasi.,bahan nya gampang bau rekomendasi
BG000515,Negative,Bahannya tipis,bahan tipis
BG000516,Negative,"Bahanya tipis dan menerawang,,, 
Harganya juga mahal
Kualitas produk: Kurang bagus",baha tipis terawang harga mahal kualitas produk bagus
BG000517,Negative,Tidak puas bahan panas tidak sesuai laive,puas bahan panas sesuai laive
BG000519,Negative,"Kacau,, yg dipakai saat LIVE dengan barang yg dikirim BERBEDA,, tipis banget, jahitan gak rapi KAPOK belanja disini, jangan dibeli ya teman teman",kacau pakai live barang kirim beda tipis banget jahit rapi kapok belanja beli iya teman teman
BG000521,Negative,tipis bgt,tipis banget
BG000522,Negative,Terlalu tipis,tipis
BG000523,Negative,"Tidak sesuai dgn yg di iklankan
Biasa",sesuai dgn iklan
BG000525,Negative,Terlalu kecil xxl,xxl
BG000526,Negative,bahan nerawang,bahan terawang
BG000527,Negative,Yg sekarang tipis bahan nya nerawang,tipis bahan nya terawang
BG000529,Negative,Kwalitas kain jelek..kainnya panas..jahitan kasar..kecewa beli disini,kwalitas kain jelek kain panas jahit kasar kecewa beli
BG000531,Negative,Tipis SMA panas bahan nya,tipis sma panas bahan nya
BG000534,Negative,Kualitas bajunya tipis. Ukurannya juga tidak standar ukuran laki laki.,kualitas baju tipis ukur standar ukur laki laki
BG000536,Negative,Warna putih nerawang ngomong di live putih ga nerawang apalagi warna lain bhng,warna putih terawang omong live putih terawang warna bhng
BG000537,Negative,"Kecewa banget,bahan nya tipis",kecewa banget bahan nya tipis
BG000539,Negative,reject,reject
BG000544,Negative,Kualitas'y bahan'y jelek & tipis bngt,kualitas iya bahan iya jelek tipis bngt
BG000547,Negative,Tipis bahan na gerah d pake na,tipis bahan na gerah d pake na
BG000549,Negative,Ternyata bahan nya kasar ga alus,nyata bahan nya kasar alus
BG000550,Negative,Baju agak tipis.. kemaren pernah beli harga 69rb. Kain agak tebal.. ini beda bahan..,baju tipis maren beli harga 69rb kain tebal beda bahan
BG000551,Negative,"Murah sesuai bajunya ,tipisss",murah sesuai baju tipisss
BG000555,Negative,🙏Sementara hanya bisa ngasih star 1 dulu,🙏sementara asih star 1
BG000556,Negative,"Kaos ya jelek tipis nerawang,jaitan ya ga rapih",kaos iya jelek tipis terawang jait iya rapih
BG000559,Negative,C.o pas lg live. Ktanya dpt 2. Ternyata cm dpt 1😁,c o pas lg live ktanya dpt 2 nyata cm dpt 1😁
BG000561,Negative,"Bahan tipis
Kualitas produk: Tipis",bahan tipis kualitas produk tipis
BH000502,Negative,B aja,b aja
BH000504,Negative,"Proses packing dan pengiriman sangat lama baik dari penjualnya maupun dari kurir nya. Kurirnya gamau anterin paket nya ke alamat tujuan, makanya saya terpaksa jemput pake...",proses packing kirim jual kurir nya kurir gamau paket nya alamat tuju paksa jemput pake
BH000505,Negative,"Proses packing dan pengiriman sangat lama baik dari penjualnya maupun dari kurir nya. Kurirnya gamau anterin paket nya ke alamat tujuan, makanya saya terpaksa jemput pake...",proses packing kirim jual kurir nya kurir gamau paket nya alamat tuju paksa jemput pake
BH000506,Negative,Bahan tipis kusut,bahan tipis kusut
BH000509,Negative,"Barang tidak sesuai ekspetasi. Dgn harga 127 rb sampai di kotaku bahannya tipiss banget cepat rusak
Kualitas produk: -",barang sesuai ekspetas dgn harga 127 rb kota bahan tipiss banget cepat rusak kualitas produk
BH000510,Negative,"Bahannya nerawang ,",bahan terawang
BH000513,Negative,"Bahan setipis tisuu , gak bakal beli lagi sumpah",bahan tipis tisuu beli sumpah
BH000515,Negative,"Dduhhh capekk, masak salah harus 2x , awal beli dikirimnya baju koko beda bgt lagi, udah return beli lagii yg cream dikirim yang milik yak ampunnn gimana sii kak z😵‍💫",dduhhh capekk masak salah 2x beli kirim baju koko beda banget udah return beli lagii cream kirim milik yak ampunnn gimana sii kak z😵‍💫
BH000517,Negative,gaterima paketnya gadikirim,gaterima paket gadikirim
BH000518,Negative,Tipis bahan nya,tipis bahan nya
BH000519,Negative,"Kualitas produk: Kirain bahan nya tebel,rupanya tipis bahan nya....gak like sama baju nya",kualitas produk bahan nya tebal rupa tipis bahan nya like baju nya
BH000523,Negative,"Bahan biasa banget. Cenderung tipis. Ukuran XXL tapi panjang baju masih terlalu pendek. Lengan juga pendek. Beli 2 baju, kek nya bakal mubadzir ini. KAPOK. Gak beli lagi....",bahan banget cenderung tipis ukur xxl baju pendek lengan pendek beli 2 baju kek nya mubadzir kapok beli
BH000524,Negative,"Bahan biasa banget. Cenderung tipis. Ukuran XXL tapi panjang baju masih terlalu pendek. Lengan juga pendek. Beli 2 baju, kek nya bakal mubadzir ini. KAPOK. Gak beli lagi....",bahan banget cenderung tipis ukur xxl baju pendek lengan pendek beli 2 baju kek nya memubadzir kapok beli
BH000527,Negative,Bahan tipis kek bahan gorden,bahan tipis kek bahan gorden
BH000533,Negative,Tipis banget,tipis banget
BH000534,Negative,Tipis banget,tipis banget
BH000537,Negative,Ngga sesuai hrga krna beda yang dteng sma yng di live bahanya jauhh bngt,sesuai hrga krna beda dteng sma yng live baha jauhh bngt
BH000540,Negative,super tipis gasesuai ekspetasi,super tipis gasesua ekspetas
BH000551,Negative,Bahan tipis,bahan tipis
BH000552,Negative,"KECEWA, BARANG DATANG TIDAK SESUAI DENGAN PESANAN. MALAH CUSTOMER YG DISURUH RIBET RETUR DLL PADAHAL KESALAHAN DARI ANDA PIHAK PENJUAL. KALAU BARANG GAK READY ITU HARUS U...",kecewa barang sesuai pesan customer suruh ribat retur dll salah jual barang ready u
BH000554,Negative,Kualitas bahanya tipis banget,kualitas baha tipis banget
BH000556,Negative,Bahan nya tipis bgt,bahan nya tipis banget
BH000558,Negative,Okeey,okeey
BH000559,Negative,Okeyy,okeyy
BH000562,Negative,"Kecil banget, padahal XXL
Tapi kayak L,
Padahal untuk bahan lumayan bagus,
Tapi ukuran gak sesuai",banget xxl kayak l bahan lumayan bagus ukur sesuai
BH000563,Negative,"Kecil banget, padahal XXL
Tapi kayak L,
Padahal untuk bahan lumayan bagus,
Tapi ukuran gak sesuai",banget xxl kayak l bahan lumayan bagus ukur sesuai
BH000567,Negative,"Bahan tipis,,!!!",bahan tipis
BH000572,Negative,"Barangnya salah kirim aku pesan kemeja 2 panjang dn lengan pendek, yg daatang malah kemeja pendek dan celana panjang, in gimana sih packingannya gk teliti, ini kita bayar...",barang salah kirim pesan kemeja 2 dn lengan pendek daatang kemeja pendek celana in gimana sih packingannya teliti bayar
BH000574,Negative,Gak sesuai,sesuai
BH000577,Negative,"Kiarin keja ya bagus ,teryata kera ya kek suster",kiar keja iya bagus yata kera iya kek suster
BH000578,Negative,"Tidak profesional, pengiriman sampai pebih dari 6 hari, biasanya 3 hari sampai, pilih pengirim yang bagus dong!",profesional kirim pebih 6 3 pilih kirim bagus
BH000579,Negative,Bahan tipis banget,bahan tipis banget
BH000581,Negative,"Baju ny tipisssss, nggak ngisep keringet",baju ny tipisssss isap ringet
BH000583,Negative,LAMA BANGET DATANG,banget
BH000585,Negative,Bahan nya tipis banget gak sesuai harga🤣,bahan nya tipis banget sesuai harga🤣
BH000587,Negative,"Bahas tipis, cuttingnya XXLnya kecil banget",bahas tipis cuttingnya xxlnya banget
BH000588,Negative,"Product quality: Bahas tipis, cuttingnya XXLnya kecil banget",product quality bahas tipis cutting xxl banget
BH000591,Negative,Sangat kecewa bahan nya tipis banget,kecewa bahan nya tipis banget
BH000592,Negative,Ukuran gak sesuai... kira kira donk,ukur sesuai donk
BH000597,Negative,Jelek ternyata bahan kemeja ini,jelek nyata bahan kemeja
BH000601,Negative,Bahan tipis gk sesuai yg di live,bahan tipis sesuai live
BH000602,Negative,"bahan tipis bangt dan panass. udh kyk baju tidur 
heleh kecewa gw udh check out",bahan tipis bangt panass udh kyk baju tidur helah kecewa gue udh check out
BH000604,Negative,"bahan nya tdk bagus, terlalu tipis",bahan nya bagus tipis
BH000606,Negative,"Bahan nya tipis bangett , warna sesuai gambar agak kecil juga untuk ukuran XXL",bahan nya tipis bangett warna sesuai gambar ukur xxl
BH000607,Negative,Ga sesuai,sesuai
BH000608,Negative,Bahan nya kemeja putih tipis banget.. Tapi utk bahan kaos polo nya Oke,bahan nya kemeja putih tipis banget bahan kaos polo nya oke
BH000609,Negative,Kemeja nya sangat tipis beda jauh dgn yg di live .,kemeja nya tipis beda dgn live
BH000610,Negative,tipis. kirain tebel dan glossy. ternyata ga sesuai yg diharapkan,tipis tebal glossy nyata sesuai harap
BH000611,Negative,tipis. kirain tebel dan glossy. ternyata ga sesuai yg diharapkan,tipis tebal glossy nyata sesuai harap
BH000612,Negative,tipis. kirain tebel dan glossy. ternyata ga sesuai yg diharapkan,tipis tebal glossy nyata sesuai harap
BH000614,Negative,"Gk puas. 
Kain nya macam kertas tipis kali",puas kain nya kertas tipis kali
BH000615,Negative,"Astaga..ini baju tidak seperti yg di harapkan..menyesal saya beli..benang benang baju banyak banget yg keluar, ukuran tidak sesuai xxl sama dengan M kali yah",astaga baju harap sesal beli benang benang baju banget ukur sesuai xxl m kali yah
BH000616,Negative,Bahan panas,bahan panas
BH000618,Negative,Tidak sesuai iklan. Bahanny tipis banget,sesuai iklan bahanny tipis banget
BH000619,Negative,Bahan nya kasar,bahan nya kasar
BH000620,Negative,Bahan nya kasar,bahan nya kasar
BH000622,Negative,tipis sekali,tipis
BH000623,Negative,"Nyesel banget kain nya tipis lecek🥲🥲🥲
Jdi kek baju tidur pasdi pakek🥲🥲",sesal banget kain nya tipis lecek🥲🥲🥲 jdi kek baju tidur pasdi pakek🥲🥲
BH000625,Negative,"Lebih ke warna coksu dari pada cream, bahannya agak tipis sihh kirain bakal sdikit tebel. Beda sama di iklan 😅 syg banget jadinya",warna coksu cream bahan tipis sihh sdikit tebal beda iklan 😅 syg banget
BH000626,Negative,Bahan jelek,bahan jelek
BH000627,Negative,"Barang tidak sesuai ekspektasi, banyak jahitan gak rapi dan kurang kuat. Bahan tipis. Terjadi kompline tidak di tanggapin admin. Dan gak ada saku depan nya",barang sesuai ekspektas jahit rapi kuat bahan tipis kompline tanggap adm saku nya
BH000628,Negative,Tidak sesuai yg di bayang kn 😭😭,sesuai bayang kn 😭😭
BH000629,Negative,Gk sesuai,sesuai
BH000631,Negative,Bahan nya tipis gak suka aku,bahan nya tipis suka
BH000636,Negative,Bahan sangat panas. Tidak menyerap keringat,bahan panas serap keringat
BH000638,Negative,2 kali beli dikasih warna salah. Saya beli yg kedua saya kira bakal bener. Taunya kesalahannya sama,2 kali beli kasih warna salah beli tau salah
BH000639,Negative,Bahan tipis tidak sesuai dengan yg di live,bahan tipis sesuai live
BH000643,Negative,"Bagian kancing / jaitan lain nya  tolong di 
Tingkatkan",kancing jait nya tolong tingkat
BH000644,Negative,"Bagian kancing / jaitan lain nya  tolong di 
Tingkatkan",kancing jait nya tolong tingkat
BH000645,Negative,Bahan tidak sesuwai tipis banget,bahan sesuwai tipis banget
BH000648,Negative,Adminnya kayak********nggak kerja sama juga penjualnya kayak********pokoknya produknya nggak bagus lagi lecet udah tipis********semua,admin kayak kerja jual kayak pokok produk bagus lecet udah tipis
BH000650,Negative,Bahanny tipis mending beli polo shirt ditoko laen...bginian mah hrsny harga 30rb ky kaos...kerahny jg letoy,bahanny tipis mending beli polo shirt toko laen bginian mah hrsny harga 30rb ky kaos kerahny jg letoy
BH000652,Negative,host yg 1 kurang ramah nanya baik² dijawab malah nge gas,host 1 ramah mena baik² nge gas
BH000653,Negative,Bahannya tipis banget mana mahal lagi mending ga usah beli kaya kesed elap bahannya,bahan tipis banget mahal mending beli kaya sad elap bahan
BH000655,Negative,Gak recomended,recomended
BH000658,Negative,Maf kak kemeja nd btul2 kain biasa bukan yg premium dan padaha sdah co 2 tpi mengecewakan,maf kak kemeja nd btul2 kain premium padaha sdah co 2 tpi kecewa
BH000659,Negative,"Sisa benang jahitan dimana mana, jahitan samping juga mulai pada lepas, bahkan di setiap kancing baju semua benang dimana mana mencuar.. Bahas tipis. Seperti barang rejec...",sisa benang jahit jahit samping lepas kancing baju benang cuar bahas tipis barang rejec
BH000660,Negative,"Ahh katanya gak nerawang, huu gimana sih kasi riviu gak sesuai 👎👎👎
Katanya bahannya adem😭😭 pdahl panas poool😓",ahh terawang huu gimana sih kasi riviu sesuai 👎👎👎 bahan adem😭😭 pdahl panas poool😓
BI000501,Negative,Kain tipis. Adem. Kurang sih kalau di pakai kerja. Hehehehehe. Tp kalau cuma buat nongkrong oke lah,kain tipis adem sih pakai kerja hehehehehe tp tongkrong oke
BI000502,Negative,Tidak bagus,bagus
BI000505,Negative,Bahan Yg Putih Lebih Tipis. Dari Pada Yg Warna Hitam... 😩🥺,bahan putih tipis warna hitam 😩🥺
BI000506,Negative,Bahannya nerawang sangat tipis,bahan terawang tipis
BI000510,Negative,bahan panas jahitan kurang sip,bahan panas jahit sip
BI000512,Negative,yg dipesan xl datang nya L,dipes xl nya l
BI000513,Negative,"cutting bagus tp bahannya nerawang, Kurang bagus warna putih",cutting bagus tp bahan terawang bagus warna putih
BI000514,Negative,"Sampai saat ini tgl 7 desember 2025 paket tidak saya terima, namun keterangan sudah diserahkan!",tgl 7 desember 2025 paket terima terang serah
BI000516,Negative,"aku udah beli 3 kali
ini yang ke 4 
maaf,, tapi kali ini kecewa banget

baju apaan kerahnya panjang sebelah🤦‍♂️
sama bahannya beda, yg agak panas lecek lecek pula",udah beli 3 kali 4 maaf kali kecewa banget baju kerah sebelah🤦‍♂️ bahan beda panas lecek lecek
BI000520,Negative,Sangat mengecewakan tidak sesuai warna yg di iklan,kecewa sesuai warna iklan
BI000524,Negative,Barang tidak sesuai 🙏,barang sesuai 🙏
BI000529,Negative,Tdk sesuai sya ingin dikembalikan,sesuai sya
BI000531,Negative,Wena nya bukan maroon gelap banget,wena nya memaroon gelap banget
BI000532,Negative,Susah disetriika dan paking seperti barang obralan,susah disetriika paking barang obral
BI000533,Negative,"Barang jelak tidak sesuai model baju anak mau melamar kerja,ukuran XL nya kecil jahitan tidak rapi,sangat jelek",barang jelak sesuai model baju anak lamar kerja ukur xl nya jahit rapi jelek
BI000536,Negative,"Maafffff...Untuk ini saya agak nyesel, barang gk sesuai ekspetasi, size padahal udh konsul pas live, bahan nya pun agak bikin gatal.",maafffff sesal barang sesuai ekspetas size udh konsul pas live bahan nya bikin gatal
BI000537,Negative,Bahan agak licin,bahan licin
BI000538,Negative,Bahan tidak sesuai harapan,bahan sesuai harap
BI000539,Negative,Tidak sesuai di gambar,sesuai gambar
BI000544,Negative,Barang tdk terima tapi status terkirim,barang terima status kirim
BI000548,Negative,"Kurang ok kl untuk laki2...kayak atasan untuk cewek
Kualitas produk: Bahan agak panas",ok kl laki2 kayak cewek kualitas produk bahan panas
BI000552,Negative,"Barangnya salah kirim aku pesan kemeja 2 panjang dn lengan pendek, yg daatang malah kemeja pendek dan celana panjang, in gimana sih packingannya gk teliti, ini kita bayar...",barang salah kirim pesan kemeja 2 dn lengan pendek daatang kemeja pendek celana in gimana sih packing teliti bayar
BI000553,Negative,"katanya ga tembus pandang yg putih, tau"" eh tembus pandang, kecewa bngt (lain kali jujur aja)",tembus pandang putih tau eh tembus pandang kecewa bngt kali jujur aja
BI000554,Negative,Kualitas produk: Biasa,kualitas produk
BI000557,Negative,Aku kira harga segitu udah dapet bahan yg adem taunya bahannya kasar bet gerahh lg,harga gitu udah bahan adem tau bahan kasar bet gerahh lg
BI000564,Negative,Kainnya panas parah dan nrawang,kain panas parah menrawang
BI000565,Negative,"Kainnya puanas parah, dan nerawang",kain puanas parah terawang
BI000566,Negative,"Kain menerawang ukuran tidak pas,terlalu gede untuk ukuran M",kain terawang ukur pas gede ukur m
BI000567,Negative,"Parah bahannya tipis bener di pake tembus pandang, sama taplak meja aja bagusan taplak tida sesuai sama yang di deskrifsikan",parah bahan tipis pake tembus pandang taplak meja aja bagus taplak tida sesuai deskrifsikan
BI000568,Negative,Kirain sama kayak di live,kayak live
BJ000501,Negative,Tidak sesuai aph yg kita lihat ..,sesuai aph lihat
BJ000503,Negative,"Jelek banget tipis, tangannya gede sebelah 😒nyesel gua beli",jelek banget tipis tangan gede sebelah 😒nyesel gue beli
BJ000507,Negative,Kurir nya bad atitud,kurir nya bad atitud
BJ000508,Negative,Ukuran tidak sesuai deskripsi alhasil beli tapi ga muat🙈,ukur sesuai deskripsi alhasil beli muat🙈
BJ000513,Negative,Ku kira dengan harga seratus lebih kaos nya bagus pdhal kain nya jelek,ku harga ratus kaos nya bagus pdhal kain nya jelek
BJ000514,Negative,Nyaman di pakai,nyaman pakai
BJ000518,Negative,Bahan g sesuai ekspektasi,bahan sesuai ekspektas
BJ000520,Negative,Barang biasa aja.,barang aja
BJ000524,Negative,Pesan brown yg DTG marun🤦🤦,pesan brown dtg marun🤦🤦
BJ000525,Negative,Harga tidak sesuai dengan yg aslinya,harga sesuai asli
BJ000527,Negative,Tidak sesuai warna apa yg dipesan . Pesan orange Dateng hijau,sesuai warna dipes pesan orange dateng hijau
BJ000528,Negative,Minta army sama coklat dikirim coklat semua,army coklat kirim coklat
BK000501,Negative,Tipis yaaa,tipis yaaa
BK000502,Negative,Kualitas produk: Jelek,kualitas produk jelek
BK000503,Negative,Bahannya tiipiss seperti kaos tidak sesuai harga!,bahan tiipiss kaos sesuai harga
BK000504,Negative,Kualitas produk buruk,kualitas produk buruk
BK000505,Negative,Wajar harga segini,wajar harga segin
BK000506,Negative,"Barang bodong,kasar x bahan nya...
Panas",barang bodong kasar x bahan nya panas
BK000507,Negative,Kotorrrrrrrrrrr ga recomended,kotorrrrrrrrrrr recomended
BK000508,Negative,Keren,keren
BK000513,Negative,3 pic d co grtis topi. suda smpai... gak ada topinya. kecewaaaaaaaa,3 pic d co grtis topi suda smpai topi kecewaaaaaaaa
BK000514,Negative,gak ada tpinya,tpinya
BK000519,Negative,Padahal sudah melakukan pengajuan pengembalian tapi ditolak dan harus bayar ongkir pribadi jika ingin menukarkan barang,laku aju tolak bayar ongkir pribadi tukar barang
BK000520,Negative,Kualitas barang kurang Bagus,kualitas barang bagus
BK000521,Negative,kain nggak halus sesuai harga jgn berharap lebih,kain halus sesuai harga jgn harap
BK000522,Negative,"Baru aja sampe. Di coba, eh jahitan kantung nyaa smbreet... Koyak. Gimna sih",aja sampe coba eh jahit kantung saa smbreet koyak gimna sih
BK000525,Negative,baju tipiss,baju tipiss
BK000526,Negative,"Barang yang datang tidak sesuai pesanan, saya minta ganti, cek pesanan saya donh",barang sesuai pesan ganti cek pesan donh
BK000528,Negative,Bahannya jelek  panas gampang brudul,bahan jelek panas gampang brudul
BK000529,Negative,"Beli yg kedua kali , knp bahan nya tipis , ga kaya yg pertama beli",beli kali knp bahan nya tipis kaya beli
BK000533,Negative,Jaitannya kurang rapi.,jait rapi
BK000536,Negative,"Bahan kainnya tidak sesuai dengan iklan,, iklannya menarik,, katanya kainnya halus mmmm .. . Kasar yg datang,, tidak sesuai dengan ekspektasi 🙏🙏",bahan kain sesuai iklan iklan tarik kain halus mmmm kasar sesuai ekspektas 🙏🙏
BK000539,Negative,Bahan jaket tidak sesuai,bahan jaket sesuai
BK000542,Negative,Barang yy bagus bang CuCok banget di pake,barang yy bagus bang cucok banget pake
BK000545,Negative,Mohon di oerhatikan lagi sya sngat amat kecewa pas saya buka ternyata kena bakar roko sampe tembus kebelakang,mohon oerhatikan sya sngat kecewa pas buka nyata kena bakar roko sampe tembus
BK000550,Negative,Bahannya panas,bahan panas
BK000553,Negative,Buruk,buruk
